freq,indic_de,geo\TIME_PERIOD	2001 	2002 	2003 	2004 	2005 	2006 	2007 	2008 	2009 	2010 	2011 	2012 	2013 	2014 	2015 	2016 	2017 	2018 	2019 	2020 	2021 	2022 	2023 
A,PC_Y0_14,AD	15.3 	15.2 	15.1 	14.9 	14.8 	15.1 	14.9 	14.6 	14.5 	14.5 	15.5 	15.5 	15.5 	: 	: 	: 	: 	: 	13.9 	: 	: 	: 	: 
A,PC_Y0_14,AL	: 	29.1 	28.3 	27.7 	26.9 	26.0 	25.0 	24.1 	23.3 	22.5 	21.6 	20.7 	20.1 	19.6 	19.0 	18.5 	18.2 	17.7 	17.2 	16.8 	16.5 	16.3 	16.0 
A,PC_Y0_14,AM	: 	: 	: 	: 	: 	20.6 	19.7 	19.0 	18.6 	18.3 	: 	: 	: 	: 	19.4 	19.6 	20.0 	20.2 	20.2 	20.3 	20.2 	: 	: 
A,PC_Y0_14,AT	16.9 	16.7 	16.5 	16.3 	16.1 	15.9 	15.6 	15.4 	15.1 	14.9 	14.7 	14.6 	14.4 	14.3 	14.3 	14.3 	14.4 	14.4 	14.4 	14.4 	14.4 	14.4 	14.4 
A,PC_Y0_14,AZ	: 	: 	: 	: 	: 	24.5 	23.8 	23.2 	22.6 	22.6 	22.3 	22.2 	22.3 	22.4 	22.4 	22.5 	22.6 	22.6 	22.4 	22.4 	22.3 	22.2 	: 
A,PC_Y0_14,BE	17.6 	17.5 	17.4 	17.3 	17.2 	17.1 	17.0 	16.9 	16.9 	16.9 	17.0 b	17.0 	17.0 	17.0 	17.0 	17.0 	17.0 	17.0 	16.9 	16.9 	16.8 	16.6 	16.5 
A,PC_Y0_14,BG	15.5 	14.9 	14.5 	14.1 	13.7 	13.4 	13.2 	13.1 	13.1 	13.2 	13.2 	13.4 	13.6 	13.7 	13.9 	14.0 	14.1 	14.2 	14.4 	14.4 	14.4 	14.5 	14.2 b
A,PC_Y0_14,BY	: 	: 	: 	: 	: 	15.2 	14.9 	14.7 	14.6 	: 	14.9 	15.1 	15.4 	15.7 	16.0 	16.3 	16.6 	16.8 	16.9 	: 	: 	: 	: 
A,PC_Y0_14,CH	17.3 	16.9 	16.7 	16.5 	16.3 	16.0 	15.8 	15.5 	15.3 	15.2 	15.1 b	15.0 	14.9 	14.9 	14.9 	14.9 	14.9 	15.0 	15.0 	15.0 	15.1 	15.1 	15.1 
A,PC_Y0_14,CY	22.3 	21.5 	21.0 	20.4 	19.9 	19.4 	18.9 	18.2 	17.7 	17.2 	16.8 	16.5 	16.4 	16.3 	16.4 	16.4 	16.3 	16.2 	16.1 	16.0 	16.0 	16.1 	16.1 
A,PC_Y0_14,CZ	16.2 	15.9 	15.6 	15.2 	14.9 	14.6 	14.4 	14.2 	14.2 	14.3 	14.5 	14.7 	14.8 	15.0 	15.2 	15.4 	15.6 	15.7 	15.9 	16.0 	16.0 b	16.1 	16.2 
A,PC_Y0_14,DE	15.5 	15.3 	15.0 	14.7 	14.5 	14.1 	13.9 	13.7 	13.6 	13.5 	13.6 b	13.4 	13.3 	13.2 b	13.2 	13.2 	13.4 	13.5 	13.6 	13.7 	13.8 	13.9 	14.1 
A,PC_Y0_14,DK	18.6 	18.7 	18.8 	18.9 	18.8 	18.7 	18.6 	18.4 	18.3 	18.1 	17.9 	17.7 	17.4 	17.2 	17.0 	16.8 	16.7 	16.6 	16.5 	16.4 	16.2 	16.1 	16.0 
A,PC_Y0_14,EE	17.4 	16.9 	16.4 	15.8 	15.4 	15.0 	14.9 	14.8 	14.9 	15.1 	15.3 	15.5 	15.7 	15.8 	15.9 b	16.1 	16.2 	16.3 	16.4 	16.5 	16.4 	16.4 	16.4 
A,PC_Y0_14,EL	14.5 	15.7 	15.5 	15.3 	15.1 	14.9 	14.7 	14.6 	14.6 	14.6 	14.6 	14.7 	14.7 	14.6 	14.5 	14.4 	14.4 	14.4 	14.3 	14.3 	14.1 	13.7 b	13.4 
A,PC_Y0_14,ES	14.6 	14.5 	14.5 	14.5 	14.5 	14.5 	14.6 	14.6 	14.8 	14.9 	15.0 	15.1 	15.2 	15.2 	15.2 	15.1 	15.1 	15.0 	14.8 	14.5 	14.3 	14.0 	13.6 
A,PC_Y0_14,EU27_2020	16.8 b	16.6 	16.4 	16.2 	16.0 	15.8 	15.6 	15.5 b	15.4 	15.4 b	15.4 b	15.4 b	15.4 	15.3 b	15.3 b	15.3 	15.2 b	15.2 p	15.2 bep	15.1 ep	15.0 bep	15.0 bep	14.9 bep
A,PC_Y0_14,FI	18.1 	17.9 	17.8 	17.6 	17.5 	17.3 	17.1 	16.9 	16.7 	16.6 	16.5 	16.5 	16.4 	16.4 	16.4 	16.3 	16.2 	16.2 	16.0 	15.8 	15.6 	15.4 	15.1 
A,PC_Y0_14,FR	19.1 	19.0 	18.9 	18.8 	18.7 	18.5 	18.5 	18.5 	18.5 	18.6 	18.6 	18.6 b	18.6 	18.6 b	18.6 	18.4 	18.3 	18.2 p	18.0 p	17.9 p	17.7 p	17.5 p	17.3 p
A,PC_Y0_14,GE	: 	: 	: 	: 	: 	18.4 	17.7 	17.2 	17.1 	17.1 	17.0 	16.9 	: 	17.1 	17.4 	19.1 	19.5 	20.0 	20.3 	20.4 	20.5 	20.8 	20.7 
A,PC_Y0_14,HR	16.8 b	16.6 	16.4 	16.1 	15.9 	15.8 	15.6 	15.5 	15.4 	15.4 	15.3 	15.1 	14.9 	14.8 	14.7 	14.6 	14.5 	14.5 	14.4 	14.3 	14.2 	14.3 b	14.3 
A,PC_Y0_14,HU	16.6 	16.3 	16.1 	15.9 	15.6 	15.4 	15.2 	15.0 	14.9 	14.7 	14.6 	14.5 b	14.4 	14.4 	14.5 	14.5 	14.5 	14.5 	14.5 	14.5 	14.6 	14.6 	14.5 b
A,PC_Y0_14,IE	21.6 	21.2 	21.0 	20.9 	20.7 	20.5 	20.3 	20.4 	20.6 	21.0 	21.3 	21.6 	21.9 	21.5 	21.4 	21.3 	21.1 	20.8 	20.5 	20.3 	20.0 	19.7 	19.3 
A,PC_Y0_14,IS	23.2 	23.1 	22.9 	22.6 	22.3 	21.8 	21.3 	20.9 	20.8 	20.9 	20.9 	20.7 	20.7 	20.5 	20.4 	20.0 	19.7 	19.3 	19.0 	18.7 	18.7 	18.6 	18.2 
A,PC_Y0_14,IT	14.3 	14.2 	14.2 	14.2 	14.1 	14.1 	14.1 	14.1 	14.1 	14.1 	14.1 	14.0 	14.0 	13.9 	13.8 	13.7 	13.5 	13.4 	13.2 b	13.0 	12.9 	12.7 	12.4 
A,PC_Y0_14,LI	18.5 	18.4 	18.2 	18.0 	17.6 	17.4 	17.1 	16.8 	16.4 	16.4 	16.0 	15.8 	15.5 	15.2 	15.1 	14.9 	14.9 	14.7 	14.7 	14.7 	14.6 	14.6 	14.5 
A,PC_Y0_14,LT	19.7 	19.0 	18.2 	17.6 	17.1 	16.6 	16.0 	15.5 	15.1 	15.0 	14.9 	14.8 	14.7 	14.6 	14.6 	14.7 	14.8 	15.0 	15.1 	15.1 	15.1 	14.9 	14.9 
A,PC_Y0_14,LU	18.9 	18.9 	18.8 	18.7 	18.6 	18.4 	18.3 	18.2 	18.0 	17.7 	17.6 	17.1 b	17.0 	16.8 	16.7 	16.5 	16.2 b	16.1 	16.1 	16.0 	16.0 	15.9 	15.9 
A,PC_Y0_14,LV	17.4 	16.7 	16.1 	15.5 	15.0 	14.5 	14.2 	14.0 	14.1 	14.2 	14.2 	14.3 	14.4 	14.7 	15.0 	15.2 	15.6 	15.8 	15.9 	16.0 	16.0 	16.0 	16.0 
A,PC_Y0_14,MD	: 	: 	: 	: 	: 	18.3 	18.2 	17.6 	17.1 	16.7 	16.4 	16.2 	16.1 	16.0 	16.0 	: 	16.0 	: 	: 	: 	18.3 p	: 	18.0 ep
A,PC_Y0_14,ME	21.0 	21.0 	21.0 	21.0 	20.8 	20.4 	20.1 	19.8 	19.6 	19.5 	19.2 	19.0 	18.8 	18.6 	18.5 	18.3 	18.2 	18.1 	18.0 	17.9 	17.9 	17.9 	: 
A,PC_Y0_14,MK	22.1 	21.6 	21.0 	20.5 	20.0 	19.5 	18.9 	18.5 	18.1 	17.7 	17.5 	17.2 	17.0 	16.9 	16.8 	16.7 	16.6 	16.5 	16.4 	16.2 	16.1 	17.0 b	16.8 
A,PC_Y0_14,MT	19.8 	19.2 	18.7 	18.2 	17.6 	17.1 	16.6 	16.1 	15.6 	15.3 	15.0 	14.8 	14.6 	14.4 	14.3 	14.2 	14.1 	13.9 	13.7 	13.4 	13.4 	13.4 p	12.7 
A,PC_Y0_14,NL	18.6 	18.6 	18.6 	18.5 	18.5 	18.3 	18.1 	17.9 	17.7 	17.6 	17.5 	17.3 	17.2 	16.9 	16.7 	16.5 	16.3 	16.1 	15.9 	15.7 	15.5 	15.4 	15.3 
A,PC_Y0_14,NO	20.0 	20.0 	20.0 	19.9 	19.7 	19.5 	19.4 	19.2 	19.0 	18.9 	: 	: 	: 	18.2 	: 	17.9 	17.8 	17.7 	17.5 	17.3 	: 	16.9 	16.7 
A,PC_Y0_14,PL	19.1 	18.4 	17.8 	17.2 	16.7 	16.2 	15.8 	15.5 	15.3 	15.3 b	15.3 	15.1 	15.1 	15.0 	15.0 	15.0 	15.1 	15.2 	15.4 	15.4 	15.5 ep	15.4 	15.4 b
A,PC_Y0_14,PT	16.3 	16.2 	16.1 	16.0 	16.0 	15.9 	15.7 	15.6 	15.4 	15.3 	15.1 	14.9 	14.8 	14.6 	14.4 	14.1 	14.0 	13.8 	13.7 	13.6 	13.4 	12.8 bp	12.9 
A,PC_Y0_14,RO	18.0 	17.7 	17.6 	17.5 	17.5 	16.9 	16.9 	16.3 	15.8 	15.8 	15.8 	15.8 	15.7 	15.5 e	15.5 	15.5 	15.6 	15.7 	15.7 	15.7 e	15.8 e	16.2 e	16.1 e
A,PC_Y0_14,RS	16.3 	16.1 	16.0 	15.9 	15.8 	15.7 	15.6 	15.4 	15.3 	15.2 	14.4 b	14.4 	14.4 	14.3 	14.4 	14.4 	14.4 	14.4 	14.3 	14.3 	14.3 	14.3 	14.4 b
A,PC_Y0_14,RU	: 	: 	: 	: 	: 	14.9 	14.7 	14.7 	14.9 	15.1 	15.2 	: 	: 	16.3 	: 	: 	: 	: 	: 	: 	: 	: 	: 
A,PC_Y0_14,SE	18.4 	18.2 	18.0 	17.8 	17.6 	17.3 	17.0 	16.8 	16.7 	16.6 	16.6 	16.7 	16.9 	17.1 	17.3 	17.4 	17.6 	17.7 	17.8 	17.8 	17.7 	17.6 	17.4 
A,PC_Y0_14,SI	15.7 	15.4 	15.0 	14.6 	14.4 	14.1 	14.0 	13.9 b	14.0 	14.0 	14.2 	14.3 	14.5 	14.6 	14.8 	14.8 	14.9 	15.0 	15.1 	15.1 	15.1 	15.1 	15.0 
A,PC_Y0_14,SK	19.2 	18.7 	18.1 	17.6 	17.1 	16.7 	16.2 	15.9 	15.6 	15.5 	15.4 	15.4 	15.4 	15.3 	15.3 	15.3 	15.5 	15.6 	15.7 	15.8 	15.9 	16.1 	16.1 
A,PC_Y0_14,SM	: 	: 	: 	: 	: 	: 	: 	: 	: 	: 	: 	15.2 	15.1 	: 	: 	: 	: 	14.2 	: 	: 	: 	: 	: 
A,PC_Y0_14,TR	29.3 b	28.9 	28.4 	27.9 	27.5 	27.0 	26.6 	26.4 	26.3 	26.0 	25.6 	25.3 	24.9 	24.6 	24.3 	24.0 	23.7 	23.6 	23.4 	23.1 	22.8 	: 	22.0 
A,PC_Y0_14,UA	: 	: 	: 	: 	: 	14.5 	14.2 	14.1 	14.1 	14.2 	14.2 	14.4 	14.6 	14.8 	15.1 	15.2 	15.4 	15.5 	15.4 	15.3 	15.2 	14.9 	: 
A,PC_Y0_14,UK	18.9 	18.7 	18.5 	18.3 	18.1 	18.0 	17.8 	17.7 	17.7 	17.6 	17.6 	17.6 	17.6 	17.6 	17.7 	17.7 	17.8 	17.9 	17.9 	: 	: 	: 	: 
A,PC_Y0_14,XK	: 	: 	: 	: 	: 	: 	: 	: 	: 	: 	: 	: 	: 	: 	: 	27.3 	25.0 	25.0 	24.4 	24.0 	23.8 	23.8 	: 
A,PC_Y15_19,AD	5.1 	4.9 	4.7 	4.5 	4.6 	4.6 	4.6 	4.7 	4.7 	4.6 	4.9 	4.9 	4.9 	: 	: 	: 	: 	: 	5.4 	: 	: 	: 	: 
A,PC_Y15_19,AL	: 	9.8 	10.0 	10.2 	10.3 	10.4 	10.5 	10.4 	10.2 	10.0 	9.8 	9.6 	9.2 	8.8 	8.5 	8.2 	7.7 	7.5 	7.2 	6.9 	6.7 	6.6 	6.2 
A,PC_Y15_19,AM	: 	: 	: 	: 	: 	9.9 	9.9 	9.8 	9.4 	9.0 	: 	: 	: 	: 	6.3 	6.0 	5.7 	5.6 	5.6 	5.7 	5.8 	: 	: 
A,PC_Y15_19,AT	6.0 	6.0 	5.9 	5.9 	5.9 	5.9 	6.0 	6.0 	6.0 	6.0 	5.9 	5.8 	5.7 	5.5 	5.4 	5.3 	5.2 	5.1 	5.0 	4.9 	4.9 	4.9 	4.9 
A,PC_Y15_19,AZ	: 	: 	: 	: 	: 	11.0 	10.9 	10.7 	10.5 	10.1 	9.6 	9.1 	8.6 	8.0 	7.6 	7.1 	6.8 	6.6 	6.5 	6.3 	6.2 	6.1 	: 
A,PC_Y15_19,BE	5.9 	5.9 	5.8 	5.9 	5.9 	6.0 	6.1 	6.1 	6.1 	6.0 	5.9 b	5.8 	5.7 	5.6 	5.6 	5.6 	5.6 	5.5 	5.5 	5.5 	5.5 	5.6 	5.7 
A,PC_Y15_19,BG	6.8 	6.7 	6.7 	6.7 	6.7 	6.6 	6.4 	6.2 	5.9 	5.5 	5.2 	4.9 	4.6 	4.4 	4.4 	4.4 	4.4 	4.4 	4.5 	4.5 	4.5 	4.7 	4.7 b
A,PC_Y15_19,BY	: 	: 	: 	: 	: 	8.1 	7.7 	7.4 	6.9 	: 	6.2 	5.8 	5.4 	5.1 	4.9 	4.8 	4.8 	4.8 	4.8 	: 	: 	: 	: 
A,PC_Y15_19,CH	5.8 	5.8 	5.8 	5.8 	5.8 	5.9 	6.0 	6.0 	5.9 	5.8 	5.7 b	5.6 	5.5 	5.4 	5.3 	5.3 	5.2 	5.1 	5.0 	4.9 	4.8 	4.8 	4.9 
A,PC_Y15_19,CY	8.2 	7.9 	7.9 	7.9 	7.8 	7.9 	7.8 	7.9 	7.9 	7.8 	7.6 	7.2 	6.8 	6.4 	6.2 	6.1 	5.9 	5.7 	5.6 	5.6 	5.4 	5.2 	5.3 
A,PC_Y15_19,CZ	6.7 	6.6 	6.5 	6.5 	6.4 	6.3 	6.3 	6.2 	6.1 	5.8 	5.5 	5.2 	4.9 	4.6 	4.4 	4.3 	4.3 	4.4 	4.4 	4.5 	4.6 b	4.8 	5.1 
A,PC_Y15_19,DE	5.6 	5.6 	5.7 	5.7 	5.8 	5.9 	5.8 	5.6 	5.5 	5.3 	5.1 b	5.0 	5.0 	5.0 b	5.0 	5.1 	5.1 	4.9 	4.8 	4.7 	4.6 	4.6 	4.7 
A,PC_Y15_19,DK	5.2 	5.3 	5.3 	5.5 	5.6 	5.8 	5.9 	6.1 	6.2 	6.3 	6.4 	6.4 	6.4 	6.3 	6.2 	6.1 	6.1 	6.0 	5.9 	5.9 	5.8 	5.9 	5.9 
A,PC_Y15_19,EE	7.3 	7.4 	7.5 	7.5 	7.6 	7.5 	7.3 	7.0 	6.5 	6.0 	5.5 	5.2 	4.8 	4.7 	4.6 b	4.6 	4.5 	4.6 	4.6 	4.7 	4.8 	5.0 	5.3 
A,PC_Y15_19,EL	6.4 	6.4 	6.1 	6.0 	5.8 	5.7 	5.7 	5.6 	5.4 	5.3 	5.1 	5.0 	5.0 	5.0 	5.0 	5.0 	5.0 	5.0 	5.1 	5.1 	5.1 	5.1 b	5.1 
A,PC_Y15_19,ES	6.3 	6.0 	5.7 	5.6 	5.4 	5.2 	5.1 	5.1 	5.0 	4.9 	4.8 	4.7 	4.6 	4.6 	4.6 	4.7 	4.8 	4.9 	5.0 	5.1 	5.1 	5.2 	5.3 
A,PC_Y15_19,EU27_2020	6.4 b	6.3 	6.3 	6.2 	6.2 	6.1 	6.0 	5.9 b	5.8 	5.7 b	5.5 b	5.4 b	5.3 	5.3 b	5.2 b	5.3 	5.2 b	5.2 p	5.2 bep	5.2 ep	5.2 bep	5.2 bep	5.2 bep
A,PC_Y15_19,FI	6.4 	6.3 	6.2 	6.1 	6.1 	6.1 	6.2 	6.3 	6.3 	6.3 	6.2 	6.1 	5.9 	5.8 	5.6 	5.5 	5.4 	5.4 	5.4 	5.4 	5.4 	5.5 	5.5 
A,PC_Y15_19,FR	6.6 	6.6 	6.5 	6.6 	6.6 	6.6 	6.5 	6.4 	6.3 	6.2 	6.1 	6.0 b	6.0 	6.0 b	6.1 	6.1 	6.1 	6.2 p	6.2 p	6.2 p	6.2 p	6.2 p	6.2 p
A,PC_Y15_19,GE	: 	: 	: 	: 	: 	8.4 	8.4 	8.4 	8.1 	7.7 	7.2 	6.7 	: 	6.1 	6.1 	5.9 	5.8 	5.6 	5.5 	5.5 	5.5 	5.6 	5.6 
A,PC_Y15_19,HR	6.5 b	6.4 	6.3 	6.2 	6.1 	6.0 	6.0 	5.9 	5.8 	5.7 	5.7 	5.7 	5.8 	5.8 	5.7 	5.6 	5.4 	5.2 	5.0 	4.9 	4.9 	4.9 b	4.9 
A,PC_Y15_19,HU	6.6 	6.4 	6.4 	6.3 	6.3 	6.2 	6.2 	6.2 	6.1 	6.0 	5.9 	5.9 b	5.7 	5.5 	5.3 	5.1 	5.0 	5.0 	5.0 	5.0 	5.0 	5.1 	5.1 b
A,PC_Y15_19,IE	8.4 	8.1 	7.7 	7.4 	7.2 	7.0 	6.7 	6.6 	6.5 	6.4 	6.2 	6.0 	6.0 	6.2 	6.3 	6.3 	6.4 	6.5 	6.5 	6.5 	6.5 	6.5 	6.5 
A,PC_Y15_19,IS	7.5 	7.2 	7.1 	7.2 	7.3 	7.4 	7.5 	7.5 	7.5 	7.5 	7.3 	7.3 	7.1 	6.9 	6.7 	6.7 	6.5 	6.3 	6.1 	6.1 	6.0 	6.1 	6.1 
A,PC_Y15_19,IT	5.3 	5.2 	5.0 	5.0 	4.9 	4.9 	4.9 	5.0 	5.0 	4.9 	4.9 	4.8 	4.7 	4.7 	4.7 	4.7 	4.8 	4.8 	4.8 b	4.8 	4.8 	4.9 	4.9 
A,PC_Y15_19,LI	6.2 	6.1 	6.0 	6.1 	6.1 	6.1 	6.2 	6.1 	6.0 	5.9 	6.0 	5.9 	5.9 	5.8 	5.8 	5.6 	5.5 	5.3 	5.1 	5.1 	5.0 	5.0 	4.9 
A,PC_Y15_19,LT	7.6 	7.8 	7.9 	7.8 	7.7 	7.6 	7.5 	7.5 	7.5 	7.3 	7.1 	6.7 	6.3 	6.0 	5.8 	5.6 	5.4 	5.1 	4.9 	4.7 	4.6 	4.6 	4.7 
A,PC_Y15_19,LU	5.6 	5.6 	5.6 	5.7 	5.7 	5.8 	5.9 	5.9 	5.9 	5.9 	5.9 	6.0 b	6.0 	5.9 	5.8 	5.8 	5.6 b	5.5 	5.4 	5.3 	5.2 	5.2 	5.2 
A,PC_Y15_19,LV	7.7 	7.9 	8.1 	8.1 	8.1 	8.0 	7.7 	7.4 	6.9 	6.4 	5.9 	5.4 	4.9 	4.6 	4.4 	4.4 	4.4 	4.5 	4.6 	4.7 	4.8 	4.9 	5.2 
A,PC_Y15_19,MD	: 	: 	: 	: 	: 	9.7 	9.6 	9.2 	8.7 	8.3 	7.9 	7.5 	7.0 	6.6 	6.2 	: 	5.6 	: 	: 	: 	5.2 p	: 	5.4 ep
A,PC_Y15_19,ME	7.8 	7.8 	7.8 	7.8 	7.8 	7.7 	7.6 	7.5 	7.3 	7.2 	7.1 	7.1 	7.0 	6.9 	6.8 	6.7 	6.6 	6.6 	6.5 	6.4 	6.3 	6.1 	: 
A,PC_Y15_19,MK	8.2 	8.2 	8.2 	8.2 	8.1 	8.0 	7.9 	7.8 	7.6 	7.5 	7.4 	7.1 	6.9 	6.7 	6.4 	6.2 	6.0 	5.9 	5.8 	5.7 	5.6 	5.7 b	5.6 
A,PC_Y15_19,MT	7.5 	7.3 	7.2 	7.1 	7.1 	7.1 	7.0 	7.0 	6.9 	6.6 	6.5 	6.2 	6.0 	5.8 	5.6 	5.4 	5.1 	4.8 	4.5 	4.3 	4.1 	4.1 p	4.1 
A,PC_Y15_19,NL	5.8 	5.9 	5.9 	6.0 	6.0 	6.1 	6.1 	6.1 	6.1 	6.1 	6.0 	6.0 	5.9 	5.9 	5.9 	6.0 	6.1 	6.1 	6.1 	6.0 	5.9 	5.8 	5.7 
A,PC_Y15_19,NO	5.9 	5.9 	6.0 	6.1 	6.3 	6.4 	6.6 	6.7 	6.7 	6.6 	: 	: 	: 	6.4 	: 	6.3 	6.2 	6.1 	6.0 	5.9 	: 	5.9 	5.9 
A,PC_Y15_19,PL	8.7 	8.7 	8.5 	8.1 	7.8 	7.5 	7.3 	7.1 	6.9 	6.6 b	6.3 	6.0 	5.8 	5.6 	5.3 	5.2 	5.0 	4.9 	4.8 	4.7 	4.7 ep	4.8 	4.8 b
A,PC_Y15_19,PT	6.7 	6.4 	6.1 	5.9 	5.7 	5.6 	5.5 	5.5 	5.5 	5.4 	5.4 	5.3 	5.3 	5.3 	5.3 	5.4 	5.4 	5.4 	5.4 	5.3 	5.2 	5.1 bp	5.0 
A,PC_Y15_19,RO	7.3 	7.5 	7.5 	7.6 	7.6 	7.0 	6.9 	6.3 	5.6 	5.6 	5.5 	5.5 	5.5 	5.5 e	5.4 	5.5 	5.5 	5.4 	5.3 	5.3 e	5.3 e	5.5 e	5.6 e
A,PC_Y15_19,RS	6.7 	6.7 	6.6 	6.5 	6.3 	6.2 	6.1 	6.0 	5.9 	5.8 	5.7 b	5.6 	5.5 	5.3 	5.2 	5.0 	5.0 	5.0 	5.1 	5.1 	5.2 	5.2 	5.1 b
A,PC_Y15_19,RU	: 	: 	: 	: 	: 	8.3 	7.8 	7.2 	6.5 	6.0 	5.9 	: 	: 	4.8 	: 	: 	: 	: 	: 	: 	: 	: 	: 
A,PC_Y15_19,SE	5.7 	5.8 	6.0 	6.2 	6.4 	6.6 	6.8 	6.9 	6.9 	6.8 	6.6 	6.2 	5.9 	5.6 	5.4 	5.3 	5.3 	5.4 	5.5 	5.5 	5.6 	5.7 	5.7 
A,PC_Y15_19,SI	6.9 	6.7 	6.5 	6.4 	6.3 	6.1 	5.9 	5.7 b	5.4 	5.2 	5.0 	4.9 	4.8 	4.7 	4.6 	4.6 	4.5 	4.5 	4.5 	4.5 	4.5 	4.5 	4.7 
A,PC_Y15_19,SK	8.3 	8.2 	8.1 	7.9 	7.7 	7.5 	7.4 	7.2 	7.0 	6.8 	6.5 	6.1 	5.9 	5.6 	5.4 	5.3 	5.1 	5.0 	4.9 	4.8 	4.8 	4.8 	4.9 
A,PC_Y15_19,SM	: 	: 	: 	: 	: 	: 	: 	: 	: 	: 	: 	4.5 	4.6 	: 	: 	: 	: 	5.1 	: 	: 	: 	: 	: 
A,PC_Y15_19,TR	10.0 b	9.8 	9.6 	9.3 	9.2 	9.0 	8.9 	8.7 	8.6 	8.6 	8.5 	8.5 	8.5 	8.4 	8.4 	8.4 	8.3 	8.1 	7.8 	7.6 	7.5 	: 	7.4 
A,PC_Y15_19,UA	: 	: 	: 	: 	: 	7.6 	7.3 	7.0 	6.6 	6.2 	5.9 	5.6 	5.3 	5.1 	4.8 	4.6 	4.4 	4.4 	4.4 	4.5 	4.6 	4.8 	: 
A,PC_Y15_19,UK	6.2 	6.3 	6.4 	6.4 	6.5 	6.5 	6.5 	6.5 	6.5 	6.4 	6.3 	6.2 	6.1 	6.0 	5.9 	5.8 	5.7 	5.6 	5.5 	: 	: 	: 	: 
A,PC_Y15_19,XK	: 	: 	: 	: 	: 	: 	: 	: 	: 	: 	: 	: 	: 	: 	: 	9.7 	9.6 	9.6 	9.3 	9.2 	8.4 	8.0 	: 
A,PC_Y20_39,AD	34.9 	33.8 	33.1 	34.1 	34.7 	34.8 	34.5 	33.8 	33.1 	31.9 	30.4 	30.4 	29.6 	: 	: 	: 	: 	: 	26.1 	: 	: 	: 	: 
A,PC_Y20_39,AL	: 	28.1 	27.7 	27.3 	27.1 	27.1 	27.1 	27.2 	27.1 	27.1 	27.3 	27.6 	27.9 	28.2 	28.5 	28.8 	29.1 	29.3 	29.4 	29.5 	29.6 	29.3 	29.2 
A,PC_Y20_39,AM	: 	: 	: 	: 	: 	30.2 	30.7 	31.3 	31.8 	32.3 	: 	: 	: 	: 	32.6 	32.5 	32.2 	31.8 	31.4 	30.8 	30.3 	: 	: 
A,PC_Y20_39,AT	29.9 	29.5 	29.2 	28.8 	28.4 	28.0 	27.5 	27.1 	26.7 	26.4 	26.1 	26.0 	26.0 	26.1 	26.2 	26.4 	26.5 	26.5 	26.4 	26.3 	26.1 	25.9 	25.9 
A,PC_Y20_39,AZ	: 	: 	: 	: 	: 	32.7 	32.9 	33.1 	33.2 	34.1 	34.2 	34.4 	34.6 	34.7 	34.8 	34.7 	34.5 	34.3 	33.9 	33.5 	33.0 	32.5 	: 
A,PC_Y20_39,BE	28.0 	27.7 	27.5 	27.1 	26.7 	26.4 	26.2 	26.0 	25.9 	25.8 	25.9 b	25.8 	25.8 	25.7 	25.6 	25.6 	25.5 	25.4 	25.4 	25.3 	25.3 	25.2 	25.2 
A,PC_Y20_39,BG	28.6 	27.9 	28.0 	28.0 	28.0 	28.1 	28.3 	28.3 	28.3 	28.1 	28.0 	27.8 	27.6 	27.2 	26.7 	26.1 	25.5 	24.8 	24.2 	23.7 	23.5 	23.2 	21.2 b
A,PC_Y20_39,BY	: 	: 	: 	: 	: 	29.8 	30.2 	30.5 	30.8 	: 	30.3 	30.3 	30.3 	30.1 	29.8 	29.4 	29.0 	28.5 	28.1 	: 	: 	: 	: 
A,PC_Y20_39,CH	28.9 	28.8 	28.5 	28.1 	27.7 	27.3 	27.0 	26.8 	26.8 	26.6 	26.7 b	26.7 	26.7 	26.7 	26.7 	26.7 	26.7 	26.7 	26.5 	26.4 	26.3 	26.1 	26.0 
A,PC_Y20_39,CY	29.0 	29.1 	29.1 	29.3 	29.4 	29.6 	29.9 	30.3 	30.9 	31.4 	31.8 	32.4 	32.3 	31.8 	31.5 	31.4 	31.5 	31.7 	31.7 	31.8 	31.6 	31.3 	31.2 
A,PC_Y20_39,CZ	30.1 	30.3 	30.4 	30.4 	30.3 	30.3 	30.3 	30.5 	30.6 	30.5 	30.3 	30.1 	29.7 	29.1 	28.3 	27.5 	26.6 	25.9 	25.2 	24.5 	23.6 b	23.3 	23.3 
A,PC_Y20_39,DE	28.6 	28.1 	27.7 	27.1 	26.5 	26.0 	25.5 	25.0 	24.6 	24.3 	23.9 b	23.8 	23.9 	24.0 b	24.1 	24.5 	24.5 	24.6 	24.6 	24.6 	24.5 	24.4 	24.5 
A,PC_Y20_39,DK	28.5 	28.1 	27.7 	27.1 	26.5 	26.0 	25.5 	25.2 	25.0 	24.9 	24.8 	24.7 	24.7 	24.7 	24.8 	24.9 	25.0 	25.2 	25.2 	25.2 	25.3 	25.5 	25.7 
A,PC_Y20_39,EE	27.9 	27.9 	27.9 	28.0 	28.1 	28.2 	28.3 	28.5 	28.6 	28.7 	28.6 	28.3 	28.1 	27.7 	27.6 b	27.2 	26.8 	26.4 	26.1 	25.7 	25.3 	25.0 	25.0 
A,PC_Y20_39,EL	30.9 	30.3 	30.3 	30.3 	30.3 	30.1 	29.7 	29.3 	28.8 	28.4 	27.8 	27.3 	26.6 	26.0 	25.3 	24.7 	24.2 	23.7 	23.3 	22.9 	22.5 	21.9 b	21.7 
A,PC_Y20_39,ES	32.8 	32.7 	32.8 	32.7 	32.5 	32.3 	31.9 	31.7 	31.1 	30.4 	29.7 	28.9 	28.0 	27.1 	26.2 	25.4 	24.6 	24.0 	23.5 	23.2 	22.9 	22.6 	22.8 
A,PC_Y20_39,EU27_2020	29.3 b	29.0 	28.9 	28.7 	28.4 	28.1 	27.9 	27.6 b	27.3 	27.0 b	26.7 b	26.4 b	26.1 	25.9 b	25.5 b	25.3 	25.0 b	24.7 p	24.5 bep	24.3 ep	24.1 bep	23.8 bep	23.7 bep
A,PC_Y20_39,FI	26.2 	26.0 	25.8 	25.6 	25.4 	25.2 	24.9 	24.7 	24.6 	24.6 	24.7 	24.8 	25.0 	25.2 	25.2 	25.2 	25.2 	25.1 	25.0 	25.0 	24.9 	24.9 	24.9 
A,PC_Y20_39,FR	27.8 	27.6 	27.4 	27.0 	26.7 	26.5 	26.2 	26.0 	25.8 	25.5 	25.3 	25.0 b	24.7 	24.3 b	24.1 	23.9 	23.8 	23.7 p	23.7 p	23.5 p	23.5 p	23.5 p	23.5 p
A,PC_Y20_39,GE	: 	: 	: 	: 	: 	29.3 	29.5 	29.7 	29.8 	30.0 	30.3 	30.6 	: 	30.3 	30.2 	28.0 	27.7 	27.4 	27.1 	26.7 	26.6 	26.1 	26.4 
A,PC_Y20_39,HR	27.0 b	26.8 	26.8 	26.7 	26.8 	26.7 	26.6 	26.5 	26.5 	26.4 	26.4 	26.3 	26.2 	26.0 	25.9 	25.8 	25.6 	25.3 	25.1 	25.0 	24.8 	23.4 b	23.3 
A,PC_Y20_39,HU	28.5 	28.8 	29.0 	29.2 	29.4 	29.6 	29.7 	29.7 	29.6 	29.5 	29.4 	28.4 b	28.3 	28.1 	27.6 	27.0 	26.4 	25.9 	25.4 	25.0 	24.7 	24.4 	24.2 b
A,PC_Y20_39,IE	30.9 	31.4 	31.7 	31.9 	32.2 	32.7 	33.4 	33.5 	32.9 	32.1 	31.3 	30.3 	29.2 	28.9 	28.4 	27.9 	27.5 	27.1 	26.8 	26.4 	25.9 	25.6 	25.6 
A,PC_Y20_39,IS	29.9 	29.8 	29.5 	29.0 	28.7 	28.6 	28.7 	29.2 	29.3 	28.7 	28.6 	28.4 	28.2 	28.3 	28.4 	28.5 	28.8 	29.5 	30.0 	30.2 	30.0 	30.0 	30.3 
A,PC_Y20_39,IT	29.9 	29.5 	29.1 	28.8 	28.3 	27.7 	27.0 	26.5 	26.1 	25.5 	25.1 	24.8 	24.3 	23.9 	23.4 	22.9 	22.5 	22.2 	21.9 b	21.7 	21.5 	21.3 	21.2 
A,PC_Y20_39,LI	31.4 	31.0 	30.4 	29.8 	29.2 	28.8 	28.2 	27.7 	27.0 	26.4 	26.0 	25.8 	25.5 	25.1 	24.9 	24.8 	24.6 	24.6 	24.6 	24.5 	24.3 	24.2 	24.0 
A,PC_Y20_39,LT	28.8 	28.3 	28.1 	27.9 	27.8 	27.6 	27.6 	27.6 	27.5 	27.2 	26.4 	26.1 	26.1 	26.1 	26.0 	25.8 	25.4 	25.0 	24.9 	25.0 	25.3 	24.7 	24.9 
A,PC_Y20_39,LU	30.4 	30.1 	29.7 	29.4 	29.0 	28.7 	28.4 	28.3 	28.2 	28.1 	28.1 	28.3 b	28.4 	28.5 	28.7 	28.9 	29.1 b	29.2 	29.3 	29.5 	29.4 	29.4 	29.5 
A,PC_Y20_39,LV	27.7 	27.6 	27.6 	27.8 	27.9 	28.1 	28.3 	28.6 	28.6 	28.4 	28.0 	27.8 	27.7 	27.3 	26.9 	26.4 	25.8 	25.3 	24.9 	24.5 	24.2 	23.9 	23.7 
A,PC_Y20_39,MD	: 	: 	: 	: 	: 	31.7 	31.1 	31.9 	32.6 	33.2 	33.7 	34.1 	34.4 	34.5 	34.6 	: 	34.4 	: 	: 	: 	27.6 p	: 	26.1 ep
A,PC_Y20_39,ME	28.1 	28.2 	28.2 	28.1 	28.0 	28.0 	28.1 	28.2 	28.3 	28.2 	28.3 	28.2 	28.1 	28.0 	27.9 	27.9 	27.7 	27.5 	27.3 	27.1 	26.9 	26.8 	: 
A,PC_Y20_39,MK	30.6 	30.7 	30.4 	30.5 	30.5 	30.5 	30.6 	30.7 	30.8 	30.8 	30.8 	30.9 	30.9 	30.8 	30.7 	30.5 	30.3 	30.1 	29.8 	29.4 	29.1 	25.8 b	25.5 
A,PC_Y20_39,MT	27.5 	27.5 	27.6 	27.7 	27.8 	27.5 	27.6 	27.8 	28.1 	28.4 	28.4 	28.4 	28.7 	29.0 	29.3 	29.7 	30.0 	30.8 	31.8 	32.6 	32.2 	31.8 p	32.9 
A,PC_Y20_39,NL	29.6 	29.1 	28.6 	28.0 	27.4 	26.9 	26.4 	26.0 	25.7 	25.3 	25.0 	24.8 	24.6 	24.5 	24.5 	24.5 	24.6 	24.8 	24.9 	25.2 	25.3 	25.5 	25.9 
A,PC_Y20_39,NO	28.6 	28.3 	28.1 	27.7 	27.4 	27.1 	26.8 	26.7 	26.7 	26.6 	: 	: 	: 	26.8 	: 	26.8 	26.8 	26.9 	26.8 	26.9 	: 	26.7 	26.7 
A,PC_Y20_39,PL	28.3 	28.6 	28.9 	29.4 	29.9 	30.3 	30.6 	30.9 	31.1 	30.8 b	30.8 	30.9 	30.8 	30.6 	30.3 	29.9 	29.4 	28.9 	28.4 	27.8 	27.2 ep	26.6 	25.7 b
A,PC_Y20_39,PT	30.2 	30.1 	30.0 	29.8 	29.5 	29.2 	28.8 	28.4 	27.9 	27.5 	27.0 	26.5 	26.0 	25.4 	24.8 	24.2 	23.6 	23.2 	22.8 	22.7 	22.6 	22.2 bp	22.0 
A,PC_Y20_39,RO	30.9 	30.4 	30.1 	30.1 	30.2 	29.7 	29.8 	29.1 	28.5 	28.5 	28.5 	28.4 	28.2 	27.9 e	27.4 	26.7 	26.1 	25.5 	25.0 	24.6 e	24.2 e	23.1 e	23.0 e
A,PC_Y20_39,RS	26.5 	26.5 	26.5 	26.6 	26.8 	26.9 	27.0 	27.1 	27.2 	27.2 	26.7 b	26.6 	26.5 	26.4 	26.3 	26.1 	25.9 	25.6 	25.3 	25.0 	24.7 	24.6 	23.5 b
A,PC_Y20_39,RU	: 	: 	: 	: 	: 	30.2 	30.8 	31.3 	31.7 	32.0 	31.7 	: 	: 	31.2 	: 	: 	: 	: 	: 	: 	: 	: 	: 
A,PC_Y20_39,SE	26.7 	26.6 	26.4 	26.2 	25.9 	25.6 	25.5 	25.4 	25.4 	25.6 	25.8 	25.9 	26.0 	26.0 	26.1 	26.1 	26.1 	26.1 	26.1 	26.1 	26.0 	25.9 	25.9 
A,PC_Y20_39,SI	30.2 	30.1 	30.0 	29.8 	29.6 	29.4 	29.1 	28.8 b	28.9 	28.7 	28.4 	28.0 	27.5 	27.0 	26.5 	25.9 	25.3 	24.8 	24.4 	24.1 	23.7 	23.2 	22.9 
A,PC_Y20_39,SK	30.7 	30.9 	31.1 	31.3 	31.4 	31.6 	31.7 	31.9 	32.0 	32.0 	32.0 	32.0 	31.8 	31.5 	30.9 	30.4 	29.7 	29.1 	28.4 	27.6 	27.0 	26.3 	25.6 
A,PC_Y20_39,SM	: 	: 	: 	: 	: 	: 	: 	: 	: 	: 	: 	24.7 	24.0 	: 	: 	: 	: 	21.3 	: 	: 	: 	: 	: 
A,PC_Y20_39,TR	32.8 b	33.0 	33.2 	33.4 	33.5 	33.6 	33.5 	33.4 	33.4 	33.4 	33.2 	33.0 	32.7 	32.4 	32.1 	32.0 	31.8 	31.6 	31.4 	31.2 	30.9 	: 	30.3 
A,PC_Y20_39,UA	: 	: 	: 	: 	: 	29.3 	29.7 	30.1 	30.4 	30.6 	30.7 	30.6 	30.5 	30.3 	30.1 	29.8 	29.4 	29.0 	28.6 	28.1 	27.6 	27.1 	: 
A,PC_Y20_39,UK	28.4 	28.2 	27.9 	27.7 	27.5 	27.4 	27.3 	27.2 	27.0 	26.8 	26.8 	26.7 	26.5 	26.4 	26.4 	26.4 	26.4 	26.4 	26.4 	: 	: 	: 	: 
A,PC_Y20_39,XK	: 	: 	: 	: 	: 	: 	: 	: 	: 	: 	: 	: 	: 	: 	: 	31.9 	31.0 	31.0 	30.8 	30.5 	31.2 	30.9 	: 
A,PC_Y40_59,AD	28.2 	29.2 	29.8 	29.7 	29.6 	29.5 	29.9 	30.3 	30.8 	31.4 	31.8 	31.8 	32.5 	: 	: 	: 	: 	: 	35.2 	: 	: 	: 	: 
A,PC_Y40_59,AL	: 	21.5 	21.9 	22.4 	23.0 	23.6 	24.1 	24.6 	25.2 	25.6 	25.9 	26.3 	26.4 	26.5 	26.4 	26.3 	26.2 	26.0 	25.8 	25.5 	25.2 	25.1 	25.0 
A,PC_Y40_59,AM	: 	: 	: 	: 	: 	26.1 	26.5 	26.7 	26.9 	27.0 	: 	: 	: 	: 	25.9 	25.7 	25.4 	25.1 	24.8 	24.5 	24.4 	: 	: 
A,PC_Y40_59,AT	26.2 	26.5 	26.8 	27.2 	27.6 	28.3 	28.8 	29.1 	29.4 	29.7 	29.9 	30.1 	30.2 	30.2 	30.2 	29.9 	29.7 	29.4 	29.3 	29.0 	28.9 	28.6 	28.3 
A,PC_Y40_59,AZ	: 	: 	: 	: 	: 	23.0 	23.8 	24.3 	24.9 	25.0 	25.4 	25.6 	25.7 	25.8 	25.9 	25.9 	25.8 	25.8 	25.7 	25.6 	25.6 	25.7 	: 
A,PC_Y40_59,BE	26.6 	27.1 	27.6 	27.9 	28.2 	28.4 	28.4 	28.4 	28.3 	28.3 	28.2 b	28.2 	28.1 	28.0 	27.9 	27.6 	27.4 	27.3 	27.1 	26.9 	26.8 	26.6 	26.4 
A,PC_Y40_59,BG	27.3 	28.0 	28.1 	28.3 	28.4 	28.4 	28.2 	28.1 	28.1 	28.0 	27.9 	27.9 	27.8 	27.9 	28.1 	28.2 	28.4 	28.6 	28.7 	28.9 	29.0 	29.2 	29.4 b
A,PC_Y40_59,BY	: 	: 	: 	: 	: 	28.8 	29.2 	29.3 	29.4 	: 	29.4 	29.4 	29.3 	29.3 	29.1 	28.9 	28.6 	28.4 	28.1 	: 	: 	: 	: 
A,PC_Y40_59,CH	27.7 	28.0 	28.3 	28.6 	28.9 	29.1 	29.3 	29.4 	29.5 	29.7 	29.7 b	29.8 	29.8 	29.8 	29.7 	29.6 	29.4 	29.2 	29.1 	28.9 	28.8 	28.7 	28.5 
A,PC_Y40_59,CY	25.0 	25.3 	25.7 	26.0 	26.2 	26.4 	26.4 	26.3 	26.2 	25.9 	25.8 	25.7 	25.9 	26.2 	25.8 	25.5 	25.3 	25.1 	25.0 	24.7 	24.9 	25.1 	25.0 
A,PC_Y40_59,CZ	28.5 	28.6 	28.6 	28.6 	28.6 	28.6 	28.3 	27.8 	27.4 	27.2 	27.0 	26.8 	26.8 	27.0 	27.3 	27.6 	27.9 	28.2 	28.6 	29.0 	29.3 b	29.5 	29.5 
A,PC_Y40_59,DE	26.7 	26.8 	27.3 	27.8 	28.3 	29.1 	29.8 	30.3 	30.8 	31.0 	31.1 b	31.1 	30.9 	30.7 b	30.3 	29.8 	29.4 	29.1 	28.8 	28.4 	28.1 	27.7 	27.3 
A,PC_Y40_59,DK	27.9 	28.0 	28.0 	28.1 	28.1 	28.1 	28.0 	27.9 	27.7 	27.6 	27.5 	27.5 	27.6 	27.5 	27.5 	27.4 	27.2 	27.0 	26.9 	26.7 	26.5 	26.3 	26.0 
A,PC_Y40_59,EE	26.2 	26.2 	26.5 	26.8 	27.2 	27.4 	27.4 	27.3 	27.2 	27.1 	27.1 	27.1 	27.2 	27.2 	26.9 b	26.8 	26.8 	26.8 	26.7 	26.7 	26.6 	26.7 	26.6 
A,PC_Y40_59,EL	24.6 	24.7 	25.1 	25.4 	25.7 	25.9 	26.1 	26.4 	26.7 	27.0 	27.3 	27.6 	27.9 	28.1 	28.4 	28.6 	28.8 	28.9 	29.0 	29.1 	29.2 	30.0 b	30.2 
A,PC_Y40_59,ES	24.8 	25.3 	25.6 	25.9 	26.2 	26.5 	26.8 	27.1 	27.3 	27.7 	28.2 	28.7 	29.1 	29.6 	30.1 	30.5 	30.9 	31.2 	31.3 	31.4 	31.5 	31.6 	31.6 
A,PC_Y40_59,EU27_2020	26.3 b	26.6 	26.9 	27.2 	27.5 	27.9 	28.1 	28.3 b	28.4 	28.5 b	28.5 b	28.6 b	28.6 	28.7 b	28.7 b	28.6 	28.6 b	28.5 p	28.4 bep	28.4 ep	28.3 bep	28.3 bep	28.2 bep
A,PC_Y40_59,FI	29.3 	29.3 	29.7 	29.9 	30.0 	29.8 	29.4 	29.0 	28.6 	28.1 	27.6 	27.2 	26.7 	26.3 	26.0 	25.7 	25.5 	25.3 	25.2 	25.1 	25.0 	24.9 	24.8 
A,PC_Y40_59,FR	26.1 	26.5 	26.8 	27.1 	27.3 	27.6 	27.5 	27.4 	27.2 	27.1 	27.0 	27.0 b	26.9 	26.9 b	26.7 	26.6 	26.4 	26.2 p	26.0 p	25.9 p	25.8 p	25.7 p	25.7 p
A,PC_Y40_59,GE	: 	: 	: 	: 	: 	26.2 	26.5 	26.7 	26.8 	26.9 	26.9 	27.0 	: 	27.2 	27.1 	26.8 	26.6 	26.4 	26.2 	25.9 	25.7 	25.5 	25.1 
A,PC_Y40_59,HR	27.4 b	27.6 	27.8 	28.0 	28.4 	28.8 	29.0 	29.1 	29.1 	28.9 	28.7 	28.6 	28.4 	28.3 	28.0 	27.8 	27.7 	27.6 	27.6 	27.5 	27.5 	27.5 b	27.4 
A,PC_Y40_59,HU	28.0 	27.9 	27.7 	27.6 	27.4 	27.3 	27.3 	27.3 	27.3 	27.2 	27.2 	27.7 b	27.7 	27.6 	27.6 	27.8 	28.0 	28.3 	28.6 	28.9 	29.1 	29.4 	29.8 b
A,PC_Y40_59,IE	24.0 	24.2 	24.4 	24.6 	24.7 	24.7 	24.5 	24.4 	24.5 	24.7 	25.0 	25.4 	25.8 	25.9 	26.1 	26.3 	26.5 	26.7 	26.9 	27.2 	27.6 	27.8 	28.0 
A,PC_Y40_59,IS	24.4 	24.8 	25.2 	25.6 	26.0 	26.3 	26.7 	26.5 	26.2 	26.1 	25.9 	25.9 	25.9 	25.8 	25.7 	25.6 	25.4 	25.2 	25.1 	25.0 	24.9 	24.8 	24.9 
A,PC_Y40_59,IT	26.1 	26.4 	26.7 	27.0 	27.5 	28.0 	28.2 	28.4 	28.6 	28.8 	29.1 	29.3 	29.7 	30.1 	30.4 	30.6 	30.8 	30.8 	30.8 b	30.8 	30.6 	30.5 	30.3 
A,PC_Y40_59,LI	29.2 	29.6 	29.9 	30.2 	30.5 	30.8 	31.0 	31.2 	31.6 	31.7 	31.9 	32.0 	32.0 	32.1 	32.0 	31.9 	31.7 	31.4 	31.0 	30.7 	30.4 	29.9 	29.6 
A,PC_Y40_59,LT	24.7 	25.1 	25.5 	25.8 	26.4 	26.9 	27.3 	27.6 	27.9 	28.1 	28.4 	28.7 	28.9 	29.0 	29.1 	29.0 	29.0 	28.9 	28.6 	28.2 	27.8 	28.1 	27.7 
A,PC_Y40_59,LU	26.4 	26.8 	27.2 	27.6 	28.1 	28.5 	28.7 	29.0 	29.1 	29.3 	29.5 	29.6 b	29.6 	29.6 	29.5 	29.5 	29.5 b	29.4 	29.4 	29.2 	29.2 	29.0 	28.8 
A,PC_Y40_59,LV	25.9 	26.0 	26.2 	26.4 	26.7 	27.0 	27.2 	27.3 	27.4 	27.5 	27.7 	27.9 	28.1 	28.2 	28.2 	28.1 	28.0 	27.8 	27.6 	27.4 	27.2 	27.1 	27.0 
A,PC_Y40_59,MD	: 	: 	: 	: 	: 	27.0 	27.5 	27.7 	27.9 	27.7 	27.6 	27.4 	27.2 	27.2 	27.1 	: 	26.9 	: 	: 	: 	26.4 p	: 	26.6 ep
A,PC_Y40_59,ME	26.0 	25.9 	25.9 	26.0 	26.4 	26.9 	27.3 	27.4 	27.4 	27.4 	27.2 	27.2 	27.1 	27.0 	26.9 	26.7 	26.6 	26.6 	26.5 	26.5 	26.6 	26.6 	: 
A,PC_Y40_59,MK	24.5 	24.9 	25.4 	25.8 	26.2 	26.6 	27.0 	27.2 	27.3 	27.4 	27.5 	27.6 	27.6 	27.6 	27.6 	27.7 	27.8 	27.8 	27.9 	28.0 	28.2 	27.6 b	27.7 
A,PC_Y40_59,MT	28.3 	28.9 	29.5 	29.6 	29.4 	29.1 	28.8 	28.3 	27.8 	27.3 	27.0 	26.8 	26.5 	26.2 	26.0 	25.9 	25.6 	25.4 	25.1 	25.1 	25.3 	25.4 p	25.9 
A,PC_Y40_59,NL	27.7 	28.1 	28.4 	28.8 	29.1 	29.4 	29.3 	29.2 	29.2 	29.2 	29.3 	29.3 	29.3 	29.1 	28.9 	28.6 	28.3 	27.9 	27.6 	27.2 	27.0 	26.6 	26.2 
A,PC_Y40_59,NO	26.2 	26.6 	26.8 	27.0 	27.0 	27.1 	27.0 	27.0 	27.0 	27.1 	: 	: 	: 	27.1 	: 	27.0 	26.9 	26.7 	26.7 	26.6 	: 	26.5 	26.5 
A,PC_Y40_59,PL	27.1 	27.5 	27.8 	28.2 	28.5 	28.8 	28.7 	28.5 	28.2 	28.1 b	27.8 	27.5 	27.3 	27.1 	26.9 	26.8 	26.7 	26.6 	26.6 	26.7 	26.9 ep	27.2 	27.7 b
A,PC_Y40_59,PT	25.2 	25.6 	25.9 	26.2 	26.5 	26.8 	27.1 	27.3 	27.5 	27.7 	28.0 	28.2 	28.4 	28.7 	29.0 	29.2 	29.5 	29.7 	29.7 	29.7 	29.7 	29.4 bp	29.2 
A,PC_Y40_59,RO	24.9 	25.3 	25.4 	25.4 	25.4 	26.2 	26.2 	27.0 	27.9 	27.9 	27.9 	27.9 	27.9 	27.9 e	28.0 	28.1 	28.1 	28.3 	28.5 	28.8 e	29.0 e	29.4 e	29.5 e
A,PC_Y40_59,RS	28.0 	28.2 	28.4 	28.6 	28.8 	29.1 	29.2 	29.1 	28.9 	28.7 	28.9 b	28.7 	28.3 	28.0 	27.7 	27.5 	27.4 	27.5 	27.5 	27.5 	27.6 	27.7 	27.8 b
A,PC_Y40_59,RU	: 	: 	: 	: 	: 	29.6 	29.7 	29.6 	29.5 	29.2 	29.0 	: 	: 	28.4 	: 	: 	: 	: 	: 	: 	: 	: 	: 
A,PC_Y40_59,SE	27.0 	27.1 	27.1 	27.0 	26.9 	26.9 	26.7 	26.6 	26.4 	26.2 	26.0 	26.0 	26.0 	25.9 	25.9 	25.8 	25.6 	25.4 	25.2 	25.1 	25.2 	25.1 	25.1 
A,PC_Y40_59,SI	27.8 	28.2 	28.5 	28.7 	29.1 	29.8 	30.1 	30.2 b	30.2 	30.1 	29.9 	29.7 	29.6 	29.4 	29.3 	29.2 	29.2 	29.2 	29.2 	29.2 	29.2 	29.3 	29.2 
A,PC_Y40_59,SK	26.3 	26.6 	26.9 	27.3 	27.7 	28.0 	28.2 	28.2 	28.1 	28.0 	27.9 	27.7 	27.7 	27.7 	27.8 	27.9 	28.0 	28.1 	28.3 	28.6 	28.8 	29.1 	29.3 
A,PC_Y40_59,SM	: 	: 	: 	: 	: 	: 	: 	: 	: 	: 	: 	32.4 	32.7 	: 	: 	: 	: 	34.2 	: 	: 	: 	: 	: 
A,PC_Y40_59,TR	18.6 b	19.0 	19.5 	19.9 	20.3 	20.7 	21.1 	21.5 	21.7 	21.8 	22.1 	22.5 	22.9 	23.2 	23.5 	23.4 	23.6 	24.1 	24.4 	24.7 	25.1 	: 	25.9 
A,PC_Y40_59,UA	: 	: 	: 	: 	: 	28.2 	28.4 	28.5 	28.5 	28.3 	28.3 	28.2 	28.2 	28.2 	28.2 	28.2 	28.3 	28.2 	28.2 	28.2 	28.2 	28.3 	: 
A,PC_Y40_59,UK	25.8 	26.1 	26.4 	26.6 	26.8 	27.0 	27.0 	26.8 	26.8 	26.8 	26.9 	26.9 	27.0 	26.9 	26.8 	26.7 	26.6 	26.4 	26.2 	: 	: 	: 	: 
A,PC_Y40_59,XK	: 	: 	: 	: 	: 	: 	: 	: 	: 	: 	: 	: 	: 	: 	: 	20.8 	22.5 	22.5 	23.1 	23.4 	23.5 	23.9 	: 
A,PC_Y60_64,AD	4.0 	3.9 	4.0 	4.2 	4.3 	4.2 	4.4 	4.5 	4.7 	4.8 	4.8 	4.8 	4.8 	: 	: 	: 	: 	: 	5.8 	: 	: 	: 	: 
A,PC_Y60_64,AL	: 	3.7 	3.9 	4.0 	4.0 	3.8 	3.8 	3.7 	3.8 	4.1 	4.4 	4.6 	4.7 	4.9 	5.2 	5.5 	5.7 	6.0 	6.3 	6.5 	6.7 	6.9 	7.1 
A,PC_Y60_64,AM	: 	: 	: 	: 	: 	2.4 	2.3 	2.5 	2.8 	3.3 	: 	: 	: 	: 	5.0 	5.3 	5.5 	5.8 	6.2 	6.5 	6.7 	: 	: 
A,PC_Y60_64,AT	5.5 	5.9 	6.1 	6.3 	6.0 	5.4 	5.2 	5.3 	5.3 	5.4 	5.6 	5.7 	5.6 	5.5 	5.5 	5.6 	5.8 	5.9 	6.1 	6.4 	6.6 	6.8 	6.9 
A,PC_Y60_64,AZ	: 	: 	: 	: 	: 	1.7 	1.6 	1.7 	2.0 	2.3 	2.7 	2.9 	3.1 	3.2 	3.4 	3.6 	3.9 	4.2 	4.7 	5.1 	5.4 	5.7 	: 
A,PC_Y60_64,BE	5.1 	4.9 	4.7 	4.7 	4.7 	4.8 	5.2 	5.5 	5.7 	5.8 	5.9 b	5.9 	5.9 	5.9 	5.9 	6.0 	6.0 	6.1 	6.2 	6.3 	6.4 	6.4 	6.4 
A,PC_Y60_64,BG	5.4 	5.5 	5.6 	5.7 	5.8 	6.0 	6.3 	6.5 	6.8 	7.1 	7.3 	7.2 	7.2 	7.1 	7.0 	6.9 	6.9 	6.9 	6.9 	6.8 	6.8 	6.7 	7.1 b
A,PC_Y60_64,BY	: 	: 	: 	: 	: 	3.5 	3.4 	3.7 	4.1 	: 	5.3 	5.7 	5.8 	5.9 	6.0 	6.1 	6.3 	6.5 	6.9 	: 	: 	: 	: 
A,PC_Y60_64,CH	4.9 	5.0 	5.1 	5.3 	5.5 	5.7 	5.8 	5.9 	5.9 	5.9 	5.8 b	5.7 	5.7 	5.6 	5.6 	5.6 	5.7 	5.8 	5.9 	6.0 	6.1 	6.3 	6.4 
A,PC_Y60_64,CY	4.1 	4.5 	4.5 	4.5 	4.5 	4.5 	4.6 	4.8 	5.0 	5.2 	5.4 	5.4 	5.5 	5.5 	5.5 	5.4 	5.4 	5.4 	5.5 	5.6 	5.7 	5.7 	5.8 
A,PC_Y60_64,CZ	4.6 	4.8 	5.0 	5.4 	5.7 	5.9 	6.3 	6.6 	6.8 	6.9 	7.1 	7.1 	7.0 	6.9 	6.9 	6.8 	6.7 	6.6 	6.4 	6.1 	5.9 b	5.7 	5.5 
A,PC_Y60_64,DE	7.0 	7.0 	6.9 	6.6 	6.3 	5.7 	5.2 	5.2 	5.2 	5.3 	5.7 b	6.0 	6.2 	6.3 b	6.3 	6.3 	6.4 	6.5 	6.6 	6.8 	7.0 	7.2 	7.4 
A,PC_Y60_64,DK	5.0 	5.1 	5.3 	5.6 	5.9 	6.3 	6.6 	6.8 	6.9 	6.7 	6.5 	6.3 	6.1 	6.0 	6.0 	5.9 	5.9 	5.9 	5.9 	5.9 	6.0 	6.0 	6.0 
A,PC_Y60_64,EE	6.0 	6.1 	5.9 	5.6 	5.2 	5.0 	4.8 	4.9 	5.3 	5.7 	6.0 	6.1 	6.2 	6.2 	6.3 b	6.3 	6.4 	6.4 	6.4 	6.5 	6.5 	6.5 	6.4 
A,PC_Y60_64,EL	5.9 	5.4 	5.1 	4.9 	4.9 	5.0 	5.2 	5.4 	5.6 	5.7 	5.8 	5.8 	5.8 	5.8 	5.9 	6.0 	6.1 	6.1 	6.3 	6.4 	6.4 	6.7 b	6.7 
A,PC_Y60_64,ES	4.7 	4.5 	4.4 	4.6 	4.9 	4.9 	5.0 	5.1 	5.2 	5.3 	5.2 	5.3 	5.4 	5.4 	5.4 	5.5 	5.7 	5.8 	6.0 	6.2 	6.4 	6.5 	6.6 
A,PC_Y60_64,EU27_2020	5.4 b	5.4 	5.3 	5.3 	5.2 	5.1 	5.2 	5.4 b	5.6 	5.8 b	6.1 b	6.1 b	6.2 	6.2 b	6.2 b	6.2 	6.3 b	6.4 p	6.4 bep	6.5 ep	6.5 bep	6.6 bep	6.6 bep
A,PC_Y60_64,FI	5.0 	5.3 	5.1 	5.2 	5.2 	5.7 	5.9 	6.6 	7.1 	7.4 	7.5 	7.3 	7.2 	7.0 	6.9 	6.8 	6.8 	6.7 	6.6 	6.5 	6.5 	6.4 	6.4 
A,PC_Y60_64,FR	4.5 	4.3 	4.3 	4.3 	4.4 	4.5 	4.9 	5.3 	5.7 	6.0 	6.3 	6.3 b	6.3 	6.2 b	6.1 	6.1 	6.1 	6.1 p	6.1 p	6.1 p	6.1 p	6.2 p	6.2 p
A,PC_Y60_64,GE	: 	: 	: 	: 	: 	3.4 	3.2 	3.4 	3.9 	4.3 	4.8 	5.0 	: 	5.3 	5.3 	5.8 	5.9 	6.0 	6.2 	6.3 	6.5 	6.6 	6.7 
A,PC_Y60_64,HR	6.2 b	6.0 	5.9 	5.8 	5.5 	5.2 	5.2 	5.2 	5.4 	5.8 	6.2 	6.4 	6.5 	6.7 	6.8 	7.0 	7.2 	7.3 	7.3 	7.3 	7.3 	7.4 b	7.3 
A,PC_Y60_64,HU	5.2 	5.3 	5.4 	5.5 	5.7 	5.6 	5.6 	5.7 	5.8 	5.9 	6.2 	6.6 b	6.7 	6.9 	7.2 	7.4 	7.5 	7.4 	7.1 	6.7 	6.3 	6.0 	5.8 b
A,PC_Y60_64,IE	3.9 	3.9 	4.0 	4.1 	4.1 	4.2 	4.3 	4.4 	4.5 	4.7 	4.7 	4.8 	4.9 	4.9 	4.9 	5.0 	5.0 	5.1 	5.1 	5.2 	5.3 	5.3 	5.4 
A,PC_Y60_64,IS	3.4 	3.4 	3.6 	3.8 	4.0 	4.2 	4.3 	4.4 	4.6 	4.8 	4.9 	5.1 	5.2 	5.3 	5.3 	5.4 	5.5 	5.6 	5.6 	5.6 	5.7 	5.6 	5.5 
A,PC_Y60_64,IT	6.1 	6.1 	6.0 	5.9 	5.7 	5.4 	5.6 	5.8 	6.0 	6.2 	6.4 	6.2 	6.1 	6.0 	6.0 	6.0 	6.1 	6.2 	6.4 b	6.5 	6.7 	6.9 	7.1 
A,PC_Y60_64,LI	4.2 	4.5 	4.7 	5.1 	5.5 	5.5 	5.7 	5.8 	6.0 	6.1 	6.2 	6.2 	6.2 	6.2 	6.2 	6.3 	6.4 	6.5 	6.6 	6.8 	7.1 	7.2 	7.3 
A,PC_Y60_64,LT	5.3 	5.3 	5.4 	5.3 	5.2 	5.1 	4.9 	4.8 	4.8 	5.1 	5.3 	5.6 	5.8 	5.8 	5.8 	5.9 	6.1 	6.4 	6.7 	7.0 	7.3 	7.8 	7.8 
A,PC_Y60_64,LU	4.7 	4.6 	4.6 	4.6 	4.5 	4.5 	4.6 	4.7 	4.8 	4.9 	5.1 	5.0 b	5.0 	5.1 	5.1 	5.2 	5.3 b	5.4 	5.4 	5.5 	5.6 	5.7 	5.8 
A,PC_Y60_64,LV	6.3 	6.4 	6.2 	6.0 	5.7 	5.4 	5.1 	5.0 	5.2 	5.4 	5.7 	6.0 	6.1 	6.1 	6.1 	6.2 	6.3 	6.5 	6.8 	6.9 	7.1 	7.2 	7.2 
A,PC_Y60_64,MD	: 	: 	: 	: 	: 	3.4 	3.4 	3.3 	3.5 	3.9 	4.4 	4.9 	5.3 	5.7 	5.9 	: 	6.0 	: 	: 	: 	7.6 p	: 	7.8 ep
A,PC_Y60_64,ME	4.9 	4.8 	4.8 	4.9 	4.6 	4.2 	4.1 	4.2 	4.5 	4.8 	5.4 	5.6 	5.9 	6.1 	6.3 	6.3 	6.4 	6.5 	6.5 	6.5 	6.5 	6.5 	: 
A,PC_Y60_64,MK	4.4 	4.3 	4.4 	4.4 	4.4 	4.3 	4.4 	4.4 	4.7 	4.9 	5.2 	5.4 	5.6 	5.7 	5.8 	5.9 	6.1 	6.1 	6.2 	6.2 	6.3 	6.8 b	6.7 
A,PC_Y60_64,MT	4.6 	4.4 	4.2 	4.3 	4.8 	5.4 	6.1 	6.9 	7.4 	7.4 	7.4 	7.3 	7.1 	6.8 	6.6 	6.4 	6.4 	6.3 	6.2 	6.0 	6.1 	6.0 p	5.7 
A,PC_Y60_64,NL	4.6 	4.7 	4.8 	4.9 	5.1 	5.1 	5.7 	6.1 	6.3 	6.5 	6.6 	6.4 	6.3 	6.2 	6.2 	6.2 	6.3 	6.3 	6.3 	6.4 	6.5 	6.6 	6.6 
A,PC_Y60_64,NO	4.2 	4.2 	4.4 	4.6 	4.9 	5.1 	5.6 	5.9 	6.0 	6.0 	: 	: 	: 	5.6 	: 	5.6 	5.7 	5.7 	5.7 	5.7 	: 	5.7 	5.8 
A,PC_Y60_64,PL	4.4 	4.3 	4.2 	4.1 	4.0 	3.9 	4.2 	4.6 	5.1 	5.6 b	6.2 	6.5 	6.7 	6.9 	7.0 	7.1 	7.2 	7.2 	7.2 	7.2 	7.0 ep	6.8 	6.5 b
A,PC_Y60_64,PT	5.3 	5.2 	5.1 	5.1 	5.2 	5.3 	5.4 	5.5 	5.7 	5.8 	5.9 	6.0 	6.2 	6.2 	6.2 	6.3 	6.3 	6.4 	6.5 	6.6 	6.7 	6.9 bp	6.9 
A,PC_Y60_64,RO	5.4 	5.3 	5.3 	5.3 	5.2 	5.5 	5.5 	5.8 	6.1 	6.1 	6.2 	6.2 	6.5 	6.7 e	6.7 	6.8 	6.9 	6.9 	6.9 	6.7 e	6.4 e	6.4 e	6.0 e
A,PC_Y60_64,RS	6.2 	6.0 	5.7 	5.4 	5.2 	4.8 	4.8 	5.1 	5.6 	6.0 	7.1 b	7.4 	7.7 	7.8 	8.0 	7.9 	7.9 	7.6 	7.4 	7.1 	7.0 	6.8 	7.1 b
A,PC_Y60_64,RU	: 	: 	: 	: 	: 	3.1 	3.0 	3.4 	4.1 	4.9 	5.5 	: 	: 	6.2 	: 	: 	: 	: 	: 	: 	: 	: 	: 
A,PC_Y60_64,SE	5.0 	5.1 	5.3 	5.6 	6.0 	6.3 	6.6 	6.8 	6.8 	6.7 	6.5 	6.3 	6.1 	5.9 	5.8 	5.7 	5.6 	5.6 	5.5 	5.5 	5.5 	5.5 	5.5 
A,PC_Y60_64,SI	5.2 	5.2 	5.3 	5.4 	5.3 	5.0 	5.0 	5.1 b	5.2 	5.4 	6.0 	6.3 	6.5 	6.8 	6.9 	7.0 	7.1 	7.1 	7.0 	6.9 	6.9 	6.8 	6.8 
A,PC_Y60_64,SK	4.1 	4.1 	4.2 	4.3 	4.4 	4.4 	4.5 	4.7 	5.0 	5.2 	5.6 	6.0 	6.2 	6.4 	6.6 	6.7 	6.7 	6.7 	6.7 	6.6 	6.5 	6.4 	6.3 
A,PC_Y60_64,SM	: 	: 	: 	: 	: 	: 	: 	: 	: 	: 	: 	5.7 	5.8 	: 	: 	: 	: 	6.1 	: 	: 	: 	: 	: 
A,PC_Y60_64,TR	2.6 b	2.6 	2.7 	2.8 	2.8 	2.9 	3.0 	2.9 	3.1 	3.3 	3.4 	3.4 	3.5 	3.6 	3.7 	3.9 	4.2 	4.2 	4.2 	4.3 	4.3 	: 	4.5 
A,PC_Y60_64,UA	: 	: 	: 	: 	: 	4.2 	4.0 	4.1 	4.5 	5.0 	5.6 	5.9 	6.2 	6.2 	6.2 	6.2 	6.3 	6.4 	6.7 	6.8 	7.0 	7.1 	: 
A,PC_Y60_64,UK	4.9 	4.9 	4.9 	5.0 	5.1 	5.2 	5.5 	5.8 	6.0 	6.0 	6.0 	5.8 	5.6 	5.5 	5.4 	5.4 	5.4 	5.5 	5.6 	: 	: 	: 	: 
A,PC_Y60_64,XK	: 	: 	: 	: 	: 	: 	: 	: 	: 	: 	: 	: 	: 	: 	: 	3.2 	3.7 	3.7 	3.9 	3.9 	4.1 	4.2 	: 
A,PC_Y65_79,AD	9.4 	9.7 	9.7 	9.1 	8.5 	8.3 	8.2 	8.2 	8.3 	8.7 	8.6 	8.6 	8.6 	: 	: 	: 	: 	: 	10.2 	: 	: 	: 	: 
A,PC_Y65_79,AL	: 	6.5 	6.7 	7.0 	7.4 	7.7 	8.0 	8.4 	8.7 	9.0 	9.1 	9.3 	9.6 	9.9 	10.2 	10.5 	10.7 	11.0 	11.4 	11.9 	12.3 	12.6 	13.2 
A,PC_Y65_79,AM	: 	: 	: 	: 	: 	9.6 	9.5 	9.3 	8.9 	8.4 	: 	: 	: 	: 	8.3 	8.4 	8.6 	8.8 	9.0 	9.3 	9.5 	: 	: 
A,PC_Y65_79,AT	11.9 	11.7 	11.5 	11.4 	11.7 	12.1 	12.4 	12.6 	12.7 	12.9 	12.8 	12.8 	13.1 	13.3 	13.4 	13.5 	13.6 	13.7 	13.8 	13.7 	13.6 	13.6 	13.7 
A,PC_Y65_79,AZ	: 	: 	: 	: 	: 	6.3 	6.2 	6.1 	5.7 	5.0 	4.8 	4.7 	4.7 	4.7 	4.8 	4.9 	5.0 	5.2 	5.3 	5.6 	5.9 	6.3 	: 
A,PC_Y65_79,BE	13.2 	13.1 	13.0 	13.0 	12.9 	12.8 	12.5 	12.4 	12.3 	12.2 	12.1 b	12.2 	12.3 	12.5 	12.6 	12.8 	12.9 	13.1 	13.3 	13.4 	13.7 	14.0 	14.2 
A,PC_Y65_79,BG	14.1 	14.4 	14.3 	14.3 	14.2 	14.2 	14.1 	14.1 	14.2 	14.3 	14.4 	14.7 	14.9 	15.1 	15.4 	15.8 	16.0 	16.2 	16.5 	16.8 	16.9 	16.9 	18.4 b
A,PC_Y65_79,BY	: 	: 	: 	: 	: 	12.1 	12.0 	11.7 	11.1 	: 	10.5 	10.3 	10.3 	10.4 	10.7 	10.9 	11.0 	11.2 	11.3 	: 	: 	: 	: 
A,PC_Y65_79,CH	11.4 	11.4 	11.3 	11.4 	11.4 	11.5 	11.6 	11.7 	11.9 	12.0 	12.2 b	12.4 	12.5 	12.7 	12.8 	12.9 	13.0 	13.2 	13.3 	13.4 	13.5 	13.6 	13.7 
A,PC_Y65_79,CY	8.7 	9.0 	9.1 	9.3 	9.4 	9.5 	9.5 	9.6 	9.6 	9.7 	9.8 	9.9 	10.3 	10.8 	11.4 	11.8 	12.1 	12.4 	12.5 	12.5 	12.6 	12.6 	12.6 
A,PC_Y65_79,CZ	11.4 	11.3 	11.2 	11.1 	11.0 	11.1 	11.2 	11.3 	11.5 	11.7 	11.9 	12.4 	12.9 	13.4 	13.9 	14.3 	14.8 	15.2 	15.5 	15.8 	16.3 b	16.3 	16.1 
A,PC_Y65_79,DE	12.9 	13.1 	13.4 	13.8 	14.3 	14.8 	15.2 	15.3 	15.4 	15.6 	15.4 b	15.4 	15.4 	15.5 b	15.4 	15.3 	15.2 	15.2 	15.1 	14.9 	14.8 	14.8 	14.9 
A,PC_Y65_79,DK	10.8 	10.8 	10.8 	10.9 	10.9 	11.1 	11.2 	11.5 	11.8 	12.2 	12.7 	13.2 	13.7 	14.1 	14.3 	14.6 	14.7 	14.9 	15.0 	15.2 	15.3 	15.4 	15.3 
A,PC_Y65_79,EE	12.5 	12.7 	13.0 	13.2 	13.4 	13.6 	13.8 	13.8 	13.5 	13.3 	13.1 	13.2 	13.3 	13.5 	13.8 b	13.9 	14.1 	14.1 	14.1 	14.2 	14.4 	14.4 	14.4 
A,PC_Y65_79,EL	14.2 	13.7 	14.0 	14.2 	14.3 	14.3 	14.2 	14.1 	14.1 	14.0 	14.1 	14.2 	14.4 	14.5 	14.6 	14.8 	14.8 	14.9 	14.9 	15.0 	15.3 	15.5 b	15.9 
A,PC_Y65_79,ES	13.0 	13.1 	13.0 	12.7 	12.4 	12.3 	12.1 	11.9 	11.9 	11.9 	12.0 	12.1 	12.2 	12.4 	12.6 	12.7 	12.8 	13.0 	13.3 	13.6 	13.7 	14.0 	14.2 
A,PC_Y65_79,EU27_2020	12.4 b	12.5 	12.6 	12.6 	12.7 	12.8 	12.9 	12.9 b	12.9 	12.9 b	12.9 b	13.1 b	13.3 	13.5 b	13.7 b	13.9 	14.1 b	14.3 p	14.4 bep	14.6 ep	14.8 bep	15.1 bep	15.3 bep
A,PC_Y65_79,FI	11.6 	11.6 	11.7 	11.8 	12.0 	12.0 	12.3 	12.2 	12.3 	12.4 	12.7 	13.3 	13.8 	14.4 	14.9 	15.3 	15.7 	16.0 	16.3 	16.6 	17.0 	17.1 	17.4 
A,PC_Y65_79,FR	12.1 	12.1 	12.0 	11.9 	11.8 	11.7 	11.5 	11.5 	11.4 	11.4 	11.4 	11.6 b	11.9 	12.3 b	12.6 	13.0 	13.3 	13.6 p	13.9 p	14.3 p	14.6 p	14.9 p	15.2 p
A,PC_Y65_79,GE	: 	: 	: 	: 	: 	12.2 	12.3 	12.1 	11.4 	10.9 	10.4 	10.3 	: 	10.3 	10.3 	11.2 	11.2 	11.3 	11.4 	11.5 	11.6 	11.9 	12.2 
A,PC_Y65_79,HR	13.8 b	14.0 	14.2 	14.3 	14.4 	14.5 	14.4 	14.5 	14.4 	14.2 	13.8 	13.8 	13.9 	14.0 	14.2 	14.4 	14.6 	14.9 	15.2 	15.6 	15.9 	17.0 b	17.3 
A,PC_Y65_79,HU	12.4 	12.3 	12.3 	12.3 	12.3 	12.3 	12.3 	12.5 	12.5 	12.7 	12.7 	12.9 b	13.1 	13.4 	13.7 	14.0 	14.3 	14.6 	14.9 	15.4 	15.7 	15.9 	16.0 b
A,PC_Y65_79,IE	8.6 	8.6 	8.5 	8.5 	8.5 	8.3 	8.2 	8.2 	8.3 	8.5 	8.7 	9.0 	9.3 	9.6 	9.9 	10.1 	10.3 	10.6 	10.8 	11.0 	11.2 	11.5 	11.6 
A,PC_Y65_79,IS	8.8 	8.8 	8.8 	8.8 	8.7 	8.6 	8.4 	8.4 	8.4 	8.7 	8.9 	9.1 	9.3 	9.6 	9.9 	10.2 	10.4 	10.5 	10.7 	10.9 	11.3 	11.5 	11.6 
A,PC_Y65_79,IT	14.3 	14.3 	14.4 	14.5 	14.6 	14.8 	14.8 	14.7 	14.7 	14.7 	14.5 	14.7 	14.9 	15.0 	15.2 	15.4 	15.5 	15.6 	15.7 b	15.8 	16.0 	16.2 	16.4 
A,PC_Y65_79,LI	8.1 	8.0 	8.1 	8.1 	8.3 	8.7 	8.9 	9.3 	9.8 	10.3 	10.7 	11.2 	11.7 	12.2 	12.6 	13.1 	13.4 	13.8 	14.1 	14.3 	14.5 	14.8 	15.0 
A,PC_Y65_79,LT	11.6 	12.1 	12.3 	12.6 	12.8 	13.1 	13.3 	13.4 	13.4 	13.3 	13.5 	13.5 	13.4 	13.5 	13.6 	13.7 	13.8 	14.0 	14.0 	14.0 	14.0 	14.3 	14.4 
A,PC_Y65_79,LU	10.9 	10.9 	11.0 	10.9 	10.9 	10.8 	10.7 	10.6 	10.4 	10.3 	10.1 	10.1 b	10.1 	10.1 	10.2 	10.3 	10.3 b	10.4 	10.4 	10.5 	10.7 	10.8 	10.9 
A,PC_Y65_79,LV	12.6 	12.8 	13.1 	13.4 	13.6 	13.8 	14.0 	14.0 	14.0 	14.1 	14.1 	14.1 	14.1 	14.3 	14.5 	14.6 	14.7 	14.7 	14.7 	14.7 	14.8 	14.8 	15.0 
A,PC_Y65_79,MD	: 	: 	: 	: 	: 	8.3 	8.5 	8.5 	8.3 	8.2 	8.0 	7.9 	7.8 	7.9 	8.2 	: 	8.9 	: 	: 	: 	12.6 p	: 	13.7 ep
A,PC_Y65_79,ME	10.6 	10.6 	10.6 	10.6 	10.8 	11.0 	11.0 	11.0 	10.8 	10.7 	10.4 	10.5 	10.6 	10.7 	10.9 	11.3 	11.3 	11.6 	11.9 	12.2 	12.5 	12.8 	: 
A,PC_Y65_79,MK	8.9 	9.1 	9.2 	9.3 	9.4 	9.6 	9.6 	9.7 	9.8 	9.8 	9.8 	9.8 	10.0 	10.2 	10.4 	10.7 	10.8 	11.2 	11.5 	11.9 	12.2 	14.0 b	14.5 
A,PC_Y65_79,MT	9.9 	10.0 	10.2 	10.3 	10.4 	10.8 	10.8 	10.7 	11.0 	11.6 	12.2 	12.8 	13.4 	13.9 	14.2 	14.5 	14.7 	14.6 	14.5 	14.3 	14.6 	14.9 p	14.6 
A,PC_Y65_79,NL	10.4 	10.4 	10.4 	10.4 	10.5 	10.7 	10.8 	11.0 	11.2 	11.4 	11.6 	12.1 	12.6 	13.1 	13.4 	13.8 	14.0 	14.3 	14.6 	14.8 	15.0 	15.2 	15.3 
A,PC_Y65_79,NO	10.7 	10.5 	10.3 	10.2 	10.1 	10.1 	10.0 	10.0 	10.1 	10.3 	: 	: 	: 	11.6 	: 	12.2 	12.4 	12.7 	13.0 	13.2 	: 	13.8 	13.9 
A,PC_Y65_79,PL	10.3 	10.5 	10.5 	10.6 	10.6 	10.6 	10.6 	10.5 	10.3 	10.3 b	10.1 	10.3 	10.6 	11.0 	11.4 	11.8 	12.3 	12.8 	13.3 	13.8 	14.3 ep	14.8 	15.6 b
A,PC_Y65_79,PT	12.9 	13.0 	13.1 	13.2 	13.3 	13.3 	13.3 	13.4 	13.5 	13.6 	13.8 	13.9 	14.1 	14.3 	14.6 	14.8 	15.0 	15.2 	15.4 	15.6 	15.8 	16.7 bp	17.0 
A,PC_Y65_79,RO	11.6 	12.0 	12.1 	12.1 	12.1 	12.2 	12.2 	12.4 	12.6 	12.6 	12.5 	12.5 	12.5 	12.6 e	12.9 	13.2 	13.4 	13.6 	13.9 	14.1 e	14.5 e	15.0 e	15.3 e
A,PC_Y65_79,RS	14.5 	14.6 	14.7 	14.7 	14.6 	14.5 	14.4 	14.2 	13.9 	13.6 	13.8 b	13.7 	13.8 	14.1 	14.3 	14.7 	15.0 	15.4 	15.8 	16.3 	16.5 	16.7 	17.7 b
A,PC_Y65_79,RU	: 	: 	: 	: 	: 	11.8 	11.7 	11.3 	10.6 	10.1 	9.8 	: 	: 	10.1 	: 	: 	: 	: 	: 	: 	: 	: 	: 
A,PC_Y65_79,SE	12.1 	12.0 	11.9 	11.9 	11.9 	11.9 	12.0 	12.2 	12.4 	12.8 	13.2 	13.6 	13.9 	14.3 	14.5 	14.7 	14.7 	14.8 	14.8 	14.8 	14.9 	14.9 	14.9 
A,PC_Y65_79,SI	11.8 	12.0 	12.1 	12.2 	12.3 	12.4 	12.5 	12.7 b	12.7 	12.6 	12.4 	12.5 	12.6 	12.8 	13.1 	13.4 	13.8 	14.2 	14.5 	14.8 	15.2 	15.5 	15.8 
A,PC_Y65_79,SK	9.6 	9.4 	9.3 	9.3 	9.3 	9.4 	9.4 	9.5 	9.6 	9.7 	9.8 	9.9 	10.1 	10.5 	10.9 	11.3 	11.8 	12.3 	12.7 	13.2 	13.6 	14.0 	14.4 
A,PC_Y65_79,SM	: 	: 	: 	: 	: 	: 	: 	: 	: 	: 	: 	12.4 	12.5 	: 	: 	: 	: 	13.5 	: 	: 	: 	: 	: 
A,PC_Y65_79,TR	: 	: 	: 	: 	: 	: 	: 	5.9 	5.7 	5.8 	5.9 	5.9 	6.0 	6.0 	6.3 	6.6 	6.6 	6.8 	7.0 	7.3 	7.7 	: 	8.1 
A,PC_Y65_79,UA	: 	: 	: 	: 	: 	13.5 	13.5 	13.2 	12.7 	12.3 	11.8 	11.7 	11.7 	11.9 	12.2 	12.4 	12.5 	12.5 	12.5 	12.6 	12.8 	12.9 	: 
A,PC_Y65_79,UK	11.7 	11.7 	11.6 	11.6 	11.6 	11.5 	11.5 	11.5 	11.6 	11.7 	11.9 	12.1 	12.5 	12.8 	13.0 	13.1 	13.2 	13.3 	13.4 	: 	: 	: 	: 
A,PC_Y65_79,XK	: 	: 	: 	: 	: 	: 	: 	: 	: 	: 	: 	: 	: 	: 	: 	6.0 	6.5 	6.5 	6.8 	7.0 	7.0 	7.2 	: 
A,PC_Y80_MAX,AD	3.1 	3.3 	3.6 	3.6 	3.5 	3.5 	3.6 	3.8 	4.0 	4.2 	4.0 	4.0 	4.0 	: 	: 	: 	: 	: 	3.4 	: 	: 	: 	: 
A,PC_Y80_MAX,AL	: 	1.3 	1.3 	1.3 	1.3 	1.5 	1.5 	1.6 	1.7 	1.8 	2.0 	2.0 	2.0 	2.1 	2.2 	2.3 	2.4 	2.5 	2.7 	2.9 	3.0 	3.1 	3.3 
A,PC_Y80_MAX,AM	: 	: 	: 	: 	: 	1.2 	1.3 	1.4 	1.6 	1.7 	: 	: 	: 	: 	2.4 	2.5 	2.7 	2.8 	3.0 	3.1 	3.1 	: 	: 
A,PC_Y80_MAX,AT	3.6 	3.8 	3.9 	4.1 	4.2 	4.3 	4.5 	4.6 	4.7 	4.8 	4.9 	5.0 	5.0 	5.0 	5.0 	4.9 	4.9 	4.9 	5.0 	5.3 	5.6 	5.8 	5.9 
A,PC_Y80_MAX,AZ	: 	: 	: 	: 	: 	0.8 	0.9 	0.9 	1.0 	0.9 	1.0 	1.0 	1.1 	1.1 	1.2 	1.2 	1.3 	1.4 	1.5 	1.6 	1.6 	1.6 	: 
A,PC_Y80_MAX,BE	3.7 	3.8 	4.0 	4.1 	4.3 	4.4 	4.6 	4.7 	4.8 	4.9 	5.0 b	5.2 	5.3 	5.3 	5.4 	5.5 	5.5 	5.6 	5.6 	5.7 	5.6 	5.5 	5.5 
A,PC_Y80_MAX,BG	2.2 	2.6 	2.8 	3.0 	3.2 	3.4 	3.5 	3.7 	3.8 	3.9 	4.0 	4.1 	4.3 	4.4 	4.6 	4.7 	4.8 	4.8 	4.8 	4.9 	4.9 	4.7 	5.1 b
A,PC_Y80_MAX,BY	: 	: 	: 	: 	: 	2.5 	2.6 	2.8 	3.0 	: 	3.3 	3.4 	3.5 	3.5 	3.5 	3.6 	3.7 	3.8 	3.9 	: 	: 	: 	: 
A,PC_Y80_MAX,CH	4.0 	4.2 	4.3 	4.3 	4.4 	4.5 	4.6 	4.7 	4.7 	4.8 	4.7 b	4.8 	4.9 	4.9 	5.0 	5.0 	5.1 	5.1 	5.2 	5.3 	5.3 	5.4 	5.5 
A,PC_Y80_MAX,CY	2.6 	2.6 	2.6 	2.6 	2.7 	2.7 	2.8 	2.8 	2.8 	2.8 	2.9 	2.9 	2.9 	3.1 	3.2 	3.3 	3.4 	3.5 	3.7 	3.8 	3.9 	3.9 	4.0 
A,PC_Y80_MAX,CZ	2.4 	2.6 	2.7 	2.9 	3.0 	3.1 	3.3 	3.4 	3.5 	3.6 	3.7 	3.8 	3.9 	3.9 	4.0 	4.0 	4.0 	4.0 	4.1 	4.1 	4.2 b	4.3 	4.3 
A,PC_Y80_MAX,DE	3.8 	3.9 	4.1 	4.2 	4.3 	4.5 	4.6 	4.8 	5.0 	5.1 	5.2 b	5.3 	5.4 	5.4 b	5.6 	5.8 	6.0 	6.2 	6.5 	6.8 	7.1 	7.3 	7.2 
A,PC_Y80_MAX,DK	4.0 	4.0 	4.0 	4.0 	4.1 	4.1 	4.1 	4.1 	4.1 	4.1 	4.1 	4.1 	4.2 	4.2 	4.2 	4.3 	4.3 	4.4 	4.5 	4.7 	4.8 	5.0 	5.1 
A,PC_Y80_MAX,EE	2.6 	2.7 	2.8 	3.0 	3.1 	3.3 	3.5 	3.7 	3.9 	4.1 	4.3 	4.5 	4.7 	4.9 	5.0 b	5.1 	5.3 	5.5 	5.6 	5.8 	5.9 	6.0 	5.9 
A,PC_Y80_MAX,EL	3.6 	3.7 	3.8 	3.8 	3.9 	4.1 	4.3 	4.5 	4.7 	4.9 	5.2 	5.4 	5.7 	6.0 	6.3 	6.5 	6.7 	6.9 	7.1 	7.2 	7.3 	7.2 b	7.1 
A,PC_Y80_MAX,ES	3.7 	3.9 	4.0 	4.1 	4.2 	4.3 	4.4 	4.5 	4.7 	4.9 	5.1 	5.3 	5.5 	5.7 	5.9 	6.0 	6.2 	6.2 	6.1 	6.0 	6.1 	6.1 	6.0 
A,PC_Y80_MAX,EU27_2020	3.4 b	3.5 	3.7 	3.8 	3.9 	4.1 	4.2 	4.4 b	4.6 	4.7 b	4.8 b	5.0 b	5.1 	5.2 b	5.3 b	5.4 	5.6 b	5.7 p	5.8 bep	5.9 ep	6.0 bep	6.1 bep	6.0 bep
A,PC_Y80_MAX,FI	3.4 	3.5 	3.6 	3.7 	3.9 	4.0 	4.2 	4.3 	4.5 	4.6 	4.8 	4.9 	5.0 	5.0 	5.1 	5.2 	5.2 	5.3 	5.5 	5.7 	5.7 	6.0 	5.9 
A,PC_Y80_MAX,FR	3.8 	4.0 	4.1 	4.3 	4.5 	4.6 	4.8 	4.9 	5.1 	5.2 	5.4 	5.5 b	5.6 	5.7 b	5.8 	5.9 	6.0 	6.0 p	6.1 p	6.2 p	6.1 p	6.0 p	6.0 p
A,PC_Y80_MAX,GE	: 	: 	: 	: 	: 	2.1 	2.3 	2.6 	2.9 	3.1 	3.4 	3.4 	: 	3.6 	3.6 	3.1 	3.2 	3.3 	3.5 	3.6 	3.7 	3.6 	3.4 
A,PC_Y80_MAX,HR	2.3 b	2.5 	2.6 	2.8 	2.9 	3.1 	3.2 	3.4 	3.5 	3.7 	3.9 	4.1 	4.3 	4.5 	4.7 	4.8 	5.0 	5.2 	5.3 	5.5 	5.6 	5.5 b	5.5 
A,PC_Y80_MAX,HU	2.7 	2.9 	3.1 	3.2 	3.3 	3.5 	3.6 	3.7 	3.8 	3.9 	4.1 	4.0 b	4.1 	4.2 	4.2 	4.3 	4.3 	4.4 	4.4 	4.5 	4.6 	4.6 	4.5 b
A,PC_Y80_MAX,IE	2.5 	2.6 	2.6 	2.6 	2.6 	2.6 	2.6 	2.6 	2.7 	2.7 	2.8 	2.9 	2.9 	3.0 	3.0 	3.1 	3.2 	3.3 	3.3 	3.4 	3.5 	3.6 	3.6 
A,PC_Y80_MAX,IS	2.7 	2.8 	2.9 	3.0 	3.1 	3.1 	3.1 	3.2 	3.2 	3.3 	3.4 	3.5 	3.6 	3.6 	3.7 	3.7 	3.6 	3.6 	3.5 	3.5 	3.5 	3.5 	3.4 
A,PC_Y80_MAX,IT	4.2 	4.4 	4.6 	4.7 	4.9 	5.1 	5.3 	5.5 	5.6 	5.8 	6.0 	6.2 	6.3 	6.4 	6.5 	6.7 	6.8 	7.0 	7.2 b	7.4 	7.6 	7.6 	7.6 
A,PC_Y80_MAX,LI	2.4 	2.5 	2.7 	2.7 	2.9 	2.9 	3.0 	3.1 	3.1 	3.2 	3.2 	3.1 	3.2 	3.3 	3.4 	3.4 	3.5 	3.7 	3.8 	3.9 	4.1 	4.4 	4.6 
A,PC_Y80_MAX,LT	2.3 	2.4 	2.6 	2.8 	3.0 	3.2 	3.4 	3.6 	3.8 	4.1 	4.4 	4.6 	4.8 	5.0 	5.1 	5.3 	5.5 	5.6 	5.8 	5.9 	5.9 	5.6 	5.6 
A,PC_Y80_MAX,LU	3.0 	3.0 	3.1 	3.1 	3.2 	3.2 	3.3 	3.4 	3.5 	3.6 	3.7 	3.9 b	3.9 	3.9 	4.0 	4.0 	3.9 b	3.9 	4.0 	4.0 	4.0 	3.9 	3.9 
A,PC_Y80_MAX,LV	2.5 	2.6 	2.7 	2.9 	3.0 	3.2 	3.4 	3.6 	3.8 	4.0 	4.3 	4.5 	4.7 	4.8 	4.9 	5.0 	5.2 	5.4 	5.6 	5.8 	6.0 	6.0 	6.0 
A,PC_Y80_MAX,MD	: 	: 	: 	: 	: 	1.5 	1.8 	1.8 	1.9 	2.0 	2.0 	2.1 	2.2 	2.2 	2.2 	: 	2.3 	: 	: 	: 	2.4 p	: 	2.4 ep
A,PC_Y80_MAX,ME	1.6 	1.6 	1.6 	1.6 	1.7 	1.8 	1.8 	1.9 	2.1 	2.2 	2.4 	2.4 	2.5 	2.6 	2.7 	2.8 	3.1 	3.1 	3.3 	3.4 	3.4 	3.2 	: 
A,PC_Y80_MAX,MK	1.2 	1.3 	1.3 	1.4 	1.5 	1.5 	1.6 	1.7 	1.7 	1.8 	1.9 	1.9 	2.0 	2.1 	2.2 	2.3 	2.4 	2.5 	2.5 	2.6 	2.6 	3.0 b	3.1 
A,PC_Y80_MAX,MT	2.4 	2.6 	2.7 	2.7 	2.9 	3.0 	3.1 	3.2 	3.3 	3.3 	3.5 	3.6 	3.7 	3.8 	3.9 	4.0 	4.1 	4.2 	4.2 	4.2 	4.3 	4.3 p	3.9 
A,PC_Y80_MAX,NL	3.2 	3.3 	3.4 	3.4 	3.5 	3.6 	3.7 	3.8 	3.8 	3.9 	4.0 	4.1 	4.2 	4.3 	4.3 	4.4 	4.5 	4.5 	4.6 	4.7 	4.8 	4.8 	4.9 
A,PC_Y80_MAX,NO	4.4 	4.5 	4.5 	4.6 	4.6 	4.7 	4.7 	4.6 	4.6 	4.5 	: 	: 	: 	4.3 	: 	4.2 	4.2 	4.2 	4.2 	4.3 	: 	4.4 	4.5 
A,PC_Y80_MAX,PL	2.0 	2.1 	2.2 	2.4 	2.5 	2.7 	2.9 	3.0 	3.1 	3.3 b	3.5 	3.6 	3.8 	3.9 	4.0 	4.1 	4.2 	4.3 	4.4 	4.4 	4.4 ep	4.4 	4.3 b
A,PC_Y80_MAX,PT	3.5 	3.6 	3.7 	3.8 	3.9 	4.0 	4.2 	4.3 	4.5 	4.6 	4.9 	5.1 	5.3 	5.5 	5.7 	5.9 	6.1 	6.3 	6.4 	6.6 	6.6 	6.9 bp	6.9 
A,PC_Y80_MAX,RO	1.8 	2.0 	2.0 	2.0 	2.1 	2.5 	2.5 	3.0 	3.6 	3.6 	3.6 	3.6 	3.8 	4.0 e	4.1 	4.2 	4.4 	4.5 	4.7 	4.8 e	4.8 e	4.4 e	4.4 e
A,PC_Y80_MAX,RS	1.8 	1.9 	2.1 	2.3 	2.5 	2.7 	2.8 	3.0 	3.2 	3.4 	3.4 b	3.6 	3.8 	4.0 	4.1 	4.3 	4.4 	4.5 	4.6 	4.7 	4.7 	4.6 	4.4 b
A,PC_Y80_MAX,RU	: 	: 	: 	: 	: 	2.2 	2.3 	2.5 	2.7 	2.8 	2.9 	: 	: 	3.0 	: 	: 	: 	: 	: 	: 	: 	: 	: 
A,PC_Y80_MAX,SE	5.1 	5.2 	5.3 	5.3 	5.4 	5.4 	5.4 	5.3 	5.3 	5.3 	5.3 	5.3 	5.2 	5.2 	5.1 	5.1 	5.1 	5.1 	5.1 	5.2 	5.2 	5.4 	5.5 
A,PC_Y80_MAX,SI	2.4 	2.5 	2.7 	2.9 	3.0 	3.2 	3.4 	3.6 b	3.8 	3.9 	4.1 	4.3 	4.5 	4.7 	4.8 	5.0 	5.1 	5.2 	5.3 	5.4 	5.5 	5.6 	5.7 
A,PC_Y80_MAX,SK	1.9 	2.0 	2.1 	2.3 	2.4 	2.4 	2.5 	2.6 	2.7 	2.8 	2.8 	2.9 	3.0 	3.0 	3.1 	3.2 	3.2 	3.2 	3.3 	3.4 	3.5 	3.4 	3.4 
A,PC_Y80_MAX,SM	: 	: 	: 	: 	: 	: 	: 	: 	: 	: 	: 	5.2 	5.3 	: 	: 	: 	: 	5.7 	: 	: 	: 	: 	: 
A,PC_Y80_MAX,TR	: 	: 	: 	: 	: 	: 	: 	1.2 	1.1 	1.2 	1.3 	1.4 	1.5 	1.6 	1.7 	1.7 	1.7 	1.7 	1.8 	1.8 	1.8 	: 	1.8 
A,PC_Y80_MAX,UA	: 	: 	: 	: 	: 	2.7 	2.9 	3.1 	3.2 	3.4 	3.5 	3.5 	3.5 	3.4 	3.4 	3.4 	3.6 	4.0 	4.3 	4.5 	4.6 	4.7 	: 
A,PC_Y80_MAX,UK	4.1 	4.2 	4.3 	4.3 	4.3 	4.4 	4.4 	4.4 	4.5 	4.5 	4.6 	4.6 	4.7 	4.7 	4.8 	4.8 	4.9 	4.9 	5.0 	: 	: 	: 	: 
A,PC_Y80_MAX,XK	: 	: 	: 	: 	: 	: 	: 	: 	: 	: 	: 	: 	: 	: 	: 	1.1 	1.6 	1.6 	1.8 	1.8 	1.9 	1.9 	: 
